,id,age,income,children,income_zscore,gender_FEMALE,gender_MALE,region_INNER_CITY,region_RURAL,region_SUBURBAN,region_TOWN,married_NO,married_YES,car_NO,car_YES,savings_acct_NO,savings_acct_YES,current_acct_NO,current_acct_YES,mortgage_NO,mortgage_YES,pep_NO,pep_YES,age_discret_YOUNG,age_discret_MID-AGE,age_discret_OLD
0,ID12101,0.6122448979591837,0.21563448481990038,0.3333333333333333,-0.7735226775759966,1,0,1,0,0,0,1,0,1,0,1,0,1,0,1,0,0,1,0,1,0
1,ID12102,0.4489795918367347,0.4313947527948036,1.0,0.19854064792173193,0,1,0,0,0,1,0,1,0,1,1,0,0,1,0,1,1,0,0,1,0
2,ID12103,0.673469387755102,0.19893337261117403,0.0,-0.8487660892824264,1,0,1,0,0,0,0,1,0,1,0,1,0,1,1,0,1,0,0,0,1
3,ID12104,0.10204081632653061,0.26431996481513065,1.0,-0.5541803026716354,1,0,0,0,0,1,0,1,1,0,1,0,0,1,1,0,1,0,1,0,0
4,ID12105,0.7959183673469388,0.7839867891552552,0.0,1.7870712454477953,1,0,0,1,0,0,0,1,1,0,0,1,1,0,1,0,1,0,0,0,1
5,ID12106,0.7959183673469388,0.5653426283241985,0.6666666666666666,0.802015136309022,1,0,0,0,0,1,0,1,1,0,0,1,0,1,1,0,0,1,0,0,1
6,ID12107,0.08163265306122448,0.06646822409499363,0.0,-1.4455604573454397,0,1,0,1,0,0,1,0,1,0,1,0,0,1,1,0,0,1,1,0,0
7,ID12108,0.8163265306122449,0.3429765938369007,0.0,-0.1998091058939389,0,1,0,0,0,1,0,1,0,1,0,1,0,1,1,0,1,0,0,0,1
8,ID12109,0.3877551020408163,0.34913153700304683,0.6666666666666666,-0.17207928066481257,1,0,0,0,1,0,0,1,0,1,1,0,1,0,1,0,1,0,0,1,0
9,ID12110,0.7346938775510204,0.33033805384379383,0.6666666666666666,-0.25674943754278784,0,1,0,0,0,1,0,1,0,1,0,1,0,1,1,0,1,0,0,0,1
10,ID12111,0.9795918367346939,0.9427660834239999,0.0,2.502418562429304,1,0,0,0,0,1,0,1,1,0,0,1,0,1,1,0,1,0,0,0,1
11,ID12112,0.6938775510204082,0.3724384157241677,0.0,-0.06707495225315038,1,0,1,0,0,0,1,0,0,1,0,1,0,1,0,1,1,0,0,0,1
12,ID12113,0.5306122448979592,0.18448637713368926,0.3333333333333333,-0.9138540436083266,1,0,0,0,0,1,0,1,1,0,0,1,0,1,0,1,0,1,0,1,0
13,ID12114,0.9795918367346939,0.8636276584596743,0.3333333333333333,2.145876733539738,1,0,0,0,0,1,0,1,0,1,0,1,0,1,0,1,0,1,0,0,1
14,ID12115,0.3673469387755102,0.24881990106320317,0.0,-0.6240126386134779,0,1,0,1,0,0,0,1,1,0,0,1,0,1,0,1,1,0,0,1,0
15,ID12116,0.40816326530612246,0.29816096768026784,0.0,-0.40171665358546654,1,0,1,0,0,0,0,1,0,1,0,1,0,1,0,1,1,0,0,1,0
16,ID12117,0.3877551020408163,0.21879713104281806,0.6666666666666666,-0.7592740282130852,1,0,0,0,0,1,0,1,1,0,1,0,1,0,0,1,1,0,0,1,0
17,ID12118,0.5714285714285714,0.6194827266690746,0.0,1.0459321676227569,1,0,0,0,1,0,0,1,1,0,0,1,1,0,0,1,1,0,0,1,0
18,ID12119,0.8979591836734694,0.3767470480104495,0.0,-0.04766329936700762,1,0,1,0,0,0,0,1,1,0,0,1,1,0,1,0,0,1,0,0,1
19,ID12120,0.2653061224489796,0.30127027220954544,0.0,-0.38770832420636914,0,1,0,0,0,1,0,1,0,1,0,1,0,1,1,0,1,0,1,0,0
20,ID12121,0.8775510204081632,0.9096735849696185,0.6666666666666666,2.3533271453740743,0,1,1,0,0,0,0,1,1,0,0,1,1,0,1,0,0,1,0,0,1
21,ID12122,0.6530612244897959,0.1975895060714032,0.6666666666666666,-0.8548206024230325,0,1,0,0,0,1,0,1,1,0,0,1,0,1,1,0,1,0,0,0,1
22,ID12123,0.7346938775510204,0.5752710661404308,0.0,0.8467456623286078,0,1,1,0,0,0,0,1,1,0,0,1,0,1,1,0,1,0,0,0,1
23,ID12124,0.1836734693877551,0.18109659853785257,0.0,-0.9291259909668333,1,0,0,0,0,1,1,0,0,1,0,1,0,1,0,1,1,0,1,0,0
24,ID12125,0.08163265306122448,0.1312221149843872,0.6666666666666666,-1.1538251758329854,0,1,1,0,0,0,1,0,0,1,0,1,0,1,1,0,1,0,1,0,0
25,ID12126,0.7755102040816326,0.6197924526321459,0.0,1.0473275739803871,0,1,1,0,0,0,0,1,0,1,0,1,0,1,0,1,1,0,0,0,1
26,ID12127,0.5510204081632653,0.27179296402412495,0.0,-0.520512248165039,0,1,1,0,0,0,0,1,1,0,0,1,0,1,0,1,1,0,0,1,0
27,ID12128,0.42857142857142855,0.25982205555141635,0.3333333333333333,-0.574444703887441,1,0,0,0,0,1,0,1,1,0,1,0,0,1,1,0,0,1,0,1,0
28,ID12129,0.42857142857142855,0.4189024722842582,1.0,0.14225925816398607,1,0,1,0,0,0,1,0,0,1,1,0,0,1,0,1,1,0,0,1,0
29,ID12130,0.8775510204081632,0.33133605972480157,0.3333333333333333,-0.2522531281682021,0,1,0,1,0,0,0,1,1,0,1,0,0,1,1,0,0,1,0,0,1
30,ID12131,0.8775510204081632,0.30849893204767237,0.6666666666666666,-0.35514109027079177,1,0,0,1,0,0,0,1,1,0,0,1,0,1,1,0,1,0,0,0,1
31,ID12132,0.04081632653061224,0.19463850592325094,0.6666666666666666,-0.86811572410823,1,0,0,0,0,1,0,1,1,0,0,1,1,0,1,0,1,0,1,0,0
32,ID12133,0.5510204081632653,0.3171075931212617,0.3333333333333333,-0.3163565457862185,0,1,0,0,1,0,0,1,0,1,0,1,0,1,1,0,0,1,0,1,0
33,ID12134,0.30612244897959184,0.42857624653085413,1.0,0.1858424500672984,1,0,1,0,0,0,1,0,0,1,0,1,1,0,1,0,1,0,1,0,0
34,ID12135,0.5102040816326531,0.5593597551375364,0.0,0.7750605368341348,0,1,0,0,1,0,1,0,1,0,0,1,0,1,1,0,0,1,0,1,0
35,ID12136,0.1836734693877551,0.25558913405610756,0.6666666666666666,-0.5935152574417185,1,0,1,0,0,0,0,1,1,0,0,1,0,1,1,0,1,0,1,0,0
36,ID12137,0.02040816326530612,0.10218874734603565,1.0,-1.2846290173457189,0,1,0,1,0,0,0,1,0,1,0,1,0,1,1,0,1,0,1,0,0
37,ID12138,0.3673469387755102,0.14396733836477427,0.0,-1.096404204216508,1,0,0,1,0,0,1,0,0,1,1,0,0,1,1,0,0,1,0,1,0
38,ID12139,0.5102040816326531,0.23212395095386132,0.0,-0.6992327935472805,1,0,0,0,0,1,0,1,0,1,0,1,0,1,1,0,1,0,0,1,0
39,ID12140,0.9795918367346939,0.3506319872241482,0.6666666666666666,-0.16531931208784909,1,0,0,0,1,0,1,0,1,0,1,0,0,1,1,0,1,0,0,0,1
40,ID12141,0.7551020408163265,0.3744241032874142,0.0,-0.05812884704923309,0,1,0,0,0,1,0,1,1,0,1,0,0,1,0,1,0,1,0,0,1
41,ID12142,0.5918367346938775,0.37749383172141043,0.0,-0.04429881959361086,1,0,1,0,0,0,0,1,0,1,1,0,0,1,1,0,1,0,0,1,0
42,ID12143,1.0,0.8724342000096703,0.6666666666666666,2.1855527876416865,0,1,0,0,0,1,1,0,0,1,0,1,1,0,1,0,0,1,0,0,1
43,ID12144,0.2857142857142857,0.38814324275168116,0.0,0.003679902336236228,1,0,0,0,0,1,0,1,0,1,1,0,0,1,0,1,1,0,1,0,0
44,ID12145,0.04081632653061224,0.15014465062825333,0.6666666666666666,-1.0685735996393309,0,1,1,0,0,0,1,0,0,1,0,1,0,1,0,1,1,0,1,0,0
45,ID12146,0.9387755102040817,0.8200234049586094,0.6666666666666666,1.9494267751580527,0,1,1,0,0,0,0,1,1,0,0,1,0,1,0,1,0,1,0,0,1
46,ID12147,0.6530612244897959,0.14229653886398366,0.3333333333333333,-1.1039316462901683,1,0,1,0,0,0,1,0,0,1,0,1,0,1,1,0,0,1,0,0,1
47,ID12148,0.22448979591836735,0.13924573812773064,0.6666666666666666,-1.1176763989128242,0,1,1,0,0,0,1,0,1,0,0,1,0,1,0,1,0,1,1,0,0
48,ID12149,0.6938775510204082,0.5942194122812196,0.6666666666666666,0.9321135223853985,0,1,1,0,0,0,1,0,0,1,1,0,0,1,1,0,0,1,0,0,1
49,ID12150,0.5918367346938775,0.2211630932607244,0.6666666666666666,-0.7486146740923,1,0,0,1,0,0,0,1,0,1,0,1,1,0,1,0,1,0,0,1,0
50,ID12151,0.12244897959183673,0.1599474773594623,0.6666666666666666,-1.0244089884203393,0,1,0,0,0,1,1,0,0,1,0,1,1,0,1,0,1,0,1,0,0
51,ID12152,0.3673469387755102,0.3248782733947635,0.0,-0.28134735072478884,0,1,0,0,0,1,0,1,1,0,1,0,1,0,1,0,1,0,0,1,0
52,ID12153,0.5102040816326531,0.1935011233588611,0.3333333333333333,-0.8732399663437492,0,1,0,0,0,1,0,1,1,0,0,1,0,1,1,0,0,1,0,1,0
53,ID12154,0.6122448979591837,0.42638751639181643,0.3333333333333333,0.17598157847337925,0,1,0,0,1,0,1,0,1,0,0,1,0,1,1,0,0,1,0,1,0
54,ID12155,0.9183673469387755,0.8918092796995796,0.0,2.272843207568989,0,1,0,0,0,1,0,1,1,0,0,1,0,1,0,1,1,0,0,0,1
55,ID12156,0.6938775510204082,0.7368310112776386,1.0,1.5746206274986183,1,0,0,1,0,0,1,0,1,0,0,1,1,0,1,0,0,1,0,0,1
56,ID12157,0.8163265306122449,0.3435082900735066,0.0,-0.19741365831334054,1,0,1,0,0,0,1,0,1,0,1,0,0,1,1,0,0,1,0,0,1
57,ID12158,0.20408163265306123,0.3116306056742829,0.0,-0.3410319815436434,0,1,1,0,0,0,0,1,1,0,0,1,0,1,1,0,0,1,1,0,0
58,ID12159,0.22448979591836735,0.17429983434823076,0.0,-0.9597474082592709,1,0,1,0,0,0,0,1,1,0,1,0,0,1,1,0,1,0,1,0,0
59,ID12160,0.32653061224489793,0.34964774694149914,0.3333333333333333,-0.1697536034020958,0,1,1,0,0,0,1,0,0,1,0,1,0,1,0,1,0,1,1,0,0
60,ID12161,0.4897959183673469,0.3398225511129572,0.3333333333333333,-0.21401899396913834,1,0,1,0,0,0,0,1,1,0,0,1,0,1,0,1,0,1,0,1,0
61,ID12162,0.9591836734693877,0.5433073467514651,0.3333333333333333,0.7027397262211855,1,0,1,0,0,0,1,0,0,1,1,0,0,1,1,0,0,1,0,0,1
62,ID12163,0.5918367346938775,0.3786983215777991,0.6666666666666666,-0.0388722393139384,0,1,1,0,0,0,0,1,1,0,0,1,0,1,1,0,1,0,0,1,0
63,ID12164,0.04081632653061224,0.11504925761267701,0.0,-1.2266886444739018,0,1,1,0,0,0,0,1,1,0,0,1,1,0,1,0,1,0,1,0,0
64,ID12165,0.061224489795918366,0.0,0.0,-1.7450193130473766,0,1,0,0,0,1,1,0,0,1,0,1,0,1,0,1,1,0,1,0,0
65,ID12166,0.4897959183673469,0.2129519138397433,0.0,-0.7856084470845814,0,1,1,0,0,0,0,1,1,0,0,1,0,1,1,0,1,0,0,1,0
66,ID12167,0.02040816326530612,0.10060570353478197,0.6666666666666666,-1.2917610942847169,0,1,0,0,0,1,1,0,1,0,0,1,0,1,1,0,1,0,1,0,0
67,ID12168,0.46938775510204084,0.5141225575311675,0.0,0.5712536860447218,1,0,0,0,0,1,1,0,1,0,0,1,0,1,0,1,1,0,0,1,0
68,ID12169,0.24489795918367346,0.2475896007098919,0.6666666666666666,-0.6295555027562861,0,1,0,0,0,1,1,0,1,0,0,1,0,1,1,0,1,0,1,0,0
69,ID12170,0.2653061224489796,0.09339425069460348,0.6666666666666666,-1.32425080564487,1,0,0,1,0,0,0,1,1,0,1,0,0,1,1,0,0,1,1,0,0
70,ID12171,0.14285714285714285,0.15573520426169157,1.0,-1.0433865148841082,0,1,1,0,0,0,0,1,0,1,0,1,0,1,1,0,1,0,1,0,0
71,ID12172,0.061224489795918366,0.05245587738568573,0.0,-1.5086901914161321,0,1,1,0,0,0,1,0,1,0,1,0,0,1,1,0,0,1,1,0,0
72,ID12173,0.3673469387755102,0.4640347072031419,1.0,0.34559322124331343,0,1,1,0,0,0,0,1,0,1,0,1,0,1,0,1,0,1,0,1,0
73,ID12174,0.8163265306122449,0.31287983372533745,0.6666666666666666,-0.3354038425678689,1,0,1,0,0,0,0,1,1,0,0,1,1,0,0,1,1,0,0,0,1
74,ID12175,0.9387755102040817,0.820081908751634,0.6666666666666666,1.949690351914494,1,0,1,0,0,0,1,0,0,1,0,1,0,1,1,0,0,1,0,0,1
75,ID12176,0.8367346938775511,0.5264702992589463,0.6666666666666666,0.6268838861689069,1,0,0,1,0,0,1,0,0,1,1,0,1,0,1,0,0,1,0,0,1
76,ID12177,0.5510204081632653,0.3774146795308478,0.0,-0.04465542344056065,1,0,0,0,0,1,1,0,1,0,0,1,0,1,0,1,1,0,0,1,0
77,ID12178,0.8775510204081632,0.7647218342522156,0.3333333333333333,1.700276970003205,0,1,1,0,0,0,0,1,0,1,0,1,0,1,0,1,0,1,0,0,1
78,ID12179,0.24489795918367346,0.16708494010846262,0.0,-0.9922526241345088,1,0,1,0,0,0,0,1,0,1,1,0,0,1,1,0,1,0,1,0,0
79,ID12180,0.8163265306122449,0.5077903822861528,0.6666666666666666,0.5427253782887295,1,0,0,0,0,1,0,1,0,1,0,1,1,0,1,0,0,1,0,0,1
80,ID12181,0.6530612244897959,0.293170938275229,1.0,-0.42419820045839535,1,0,0,0,0,1,1,0,1,0,0,1,0,1,1,0,0,1,0,0,1
81,ID12182,0.24489795918367346,0.39221441846627486,1.0,0.022021743681529045,0,1,1,0,0,0,1,0,1,0,1,0,0,1,1,0,1,0,1,0,0
82,ID12183,0.22448979591836735,0.13038069278470998,0.3333333333333333,-1.1576160297712137,1,0,1,0,0,0,0,1,1,0,0,1,0,1,1,0,1,0,1,0,0
83,ID12184,0.3469387755102041,0.1958189059825119,0.3333333333333333,-0.8627976754341509,0,1,1,0,0,0,0,1,1,0,0,1,0,1,1,0,0,1,1,0,0
84,ID12185,0.8979591836734694,0.32713755222538965,0.0,-0.2711686365716318,0,1,1,0,0,0,0,1,1,0,1,0,0,1,0,1,0,1,0,0,1
85,ID12186,0.3673469387755102,0.4588915355163622,0.3333333333333333,0.3224217234491119,0,1,1,0,0,0,0,1,0,1,0,1,0,1,1,0,0,1,0,1,0
86,ID12187,0.14285714285714285,0.1808591419661645,0.0,-0.930195802507683,1,0,1,0,0,0,0,1,1,0,0,1,0,1,1,0,1,0,1,0,0
87,ID12188,0.9795918367346939,0.30194822792871284,0.0,-0.3846539347346677,1,0,0,0,0,1,1,0,0,1,0,1,0,1,0,1,1,0,0,0,1
88,ID12189,0.24489795918367346,0.18642904720206474,0.0,-0.905101744842969,0,1,0,0,1,0,0,1,0,1,0,1,1,0,0,1,1,0,1,0,0
89,ID12190,0.7346938775510204,0.4487824242216715,0.6666666666666666,0.2768772103875752,1,0,1,0,0,0,0,1,1,0,1,0,0,1,1,0,0,1,0,0,1
90,ID12191,0.3877551020408163,0.3407035494079158,0.3333333333333333,-0.210049838107435,0,1,0,0,0,1,0,1,0,1,1,0,0,1,0,1,0,1,0,1,0
91,ID12192,0.20408163265306123,0.3512824117465981,0.6666666666666666,-0.16238895873682602,1,0,1,0,0,0,1,0,1,0,0,1,0,1,0,1,1,0,1,0,0
92,ID12193,0.7142857142857143,0.5136682927853294,0.0,0.569207090053531,1,0,0,1,0,0,1,0,1,0,1,0,0,1,1,0,0,1,0,0,1
93,ID12194,0.8775510204081632,0.6463789851622336,0.6666666666666666,1.167107705267843,0,1,1,0,0,0,0,1,0,1,0,1,0,1,1,0,1,0,0,0,1
94,ID12195,0.8775510204081632,0.6213995862405274,0.0,1.0545681825249786,1,0,1,0,0,0,0,1,0,1,0,1,1,0,1,0,1,0,0,0,1
95,ID12196,0.0,0.0856203010914915,0.0,-1.3592747299956305,1,0,1,0,0,0,0,1,1,0,0,1,0,1,1,0,1,0,1,0,0
96,ID12197,0.08163265306122448,0.050492386849792716,0.3333333333333333,-1.5175362924977527,0,1,1,0,0,0,0,1,1,0,1,0,1,0,0,1,1,0,1,0,0
97,ID12198,0.32653061224489793,0.44491429108286906,0.6666666666666666,0.25945013543228423,0,1,0,0,0,1,0,1,0,1,0,1,0,1,0,1,0,1,1,0,0
98,ID12199,0.3469387755102041,0.12236911453993046,0.6666666666666666,-1.193710540888578,1,0,1,0,0,0,1,0,1,0,0,1,0,1,1,0,1,0,1,0,0
99,ID12200,0.0,0.17782898962744956,0.0,-0.9438475280398304,1,0,0,1,0,0,0,1,0,1,1,0,0,1,1,0,1,0,1,0,0
100,ID12201,0.7346938775510204,0.37328327932343464,0.3333333333333333,-0.0632685937998371,0,1,1,0,0,0,0,1,1,0,0,1,0,1,0,1,0,1,0,0,1
101,ID12202,0.1836734693877551,0.11339738580962969,0.6666666666666666,-1.2341308117145953,1,0,1,0,0,0,0,1,0,1,0,1,0,1,1,0,1,0,1,0,0
102,ID12203,0.4897959183673469,0.1804272463176594,0.0,-0.9321416191508227,0,1,1,0,0,0,0,1,0,1,1,0,0,1,0,1,0,1,0,1,0
103,ID12204,0.5102040816326531,0.48307425043305713,0.0,0.4313719509498503,0,1,0,0,0,1,1,0,1,0,0,1,0,1,0,1,1,0,0,1,0
104,ID12205,0.9387755102040817,0.5075959432093357,0.3333333333333333,0.5418493731864392,1,0,1,0,0,0,0,1,1,0,0,1,0,1,1,0,0,1,0,0,1
105,ID12206,0.5102040816326531,0.4711498008548093,1.0,0.3776488061810929,0,1,0,0,0,1,0,1,0,1,0,1,0,1,1,0,1,0,0,1,0
106,ID12207,0.6326530612244898,0.7161344341452914,0.0,1.4813764737787602,0,1,0,1,0,0,0,1,0,1,0,1,1,0,1,0,1,0,0,1,0
107,ID12208,0.10204081632653061,0.13809803136457172,0.0,-1.1228471546935979,0,1,1,0,0,0,0,1,1,0,1,0,0,1,1,0,1,0,1,0,0
108,ID12209,0.10204081632653061,0.13193792609904106,0.0,-1.1506002366953514,0,1,1,0,0,0,1,0,1,0,0,1,0,1,1,0,0,1,1,0,0
109,ID12210,0.24489795918367346,0.3272304700143111,0.6666666666666666,-0.2707500146643427,1,0,1,0,0,0,0,1,0,1,0,1,0,1,0,1,1,0,1,0,0
110,ID12211,0.3673469387755102,0.5560663357302108,0.6666666666666666,0.7602227158980017,0,1,0,0,0,1,1,0,1,0,0,1,0,1,1,0,0,1,0,1,0
111,ID12212,0.32653061224489793,0.34962881924375594,1.0,-0.16983887823506197,0,1,1,0,0,0,0,1,0,1,1,0,1,0,0,1,1,0,1,0,0
112,ID12213,0.673469387755102,0.5520003221150016,0.0,0.7419041313253357,1,0,1,0,0,0,0,1,0,1,1,0,0,1,1,0,1,0,0,0,1
113,ID12214,0.3673469387755102,0.49240216402089,0.6666666666666666,0.47339693908714225,0,1,0,0,0,1,1,0,0,1,0,1,0,1,1,0,0,1,0,1,0
114,ID12215,0.7755102040816326,0.6575480475305463,0.3333333333333333,1.2174276089754914,0,1,1,0,0,0,0,1,0,1,0,1,0,1,1,0,0,1,0,0,1
115,ID12216,0.7346938775510204,0.7361599383576506,0.0,1.5715972470570865,1,0,1,0,0,0,0,1,1,0,0,1,0,1,1,0,1,0,0,0,1
116,ID12217,0.7755102040816326,0.28763372633543083,0.6666666666666666,-0.44914496522980385,1,0,0,0,0,1,0,1,1,0,0,1,1,0,1,0,1,0,0,0,1
117,ID12218,0.16326530612244897,0.08654930691072614,1.0,-1.3550892861484947,0,1,1,0,0,0,0,1,1,0,0,1,0,1,0,1,1,0,1,0,0
118,ID12219,0.42857142857142855,0.21088707408593416,0.0,-0.7949111561354486,0,1,0,0,0,1,1,0,0,1,1,0,1,0,1,0,0,1,0,1,0
119,ID12220,0.9387755102040817,0.7011987599260718,1.0,1.4140868783108218,1,0,0,1,0,0,0,1,0,1,0,1,0,1,1,0,0,1,0,0,1
120,ID12221,0.5714285714285714,0.4217657167428736,0.6666666666666666,0.15515901471452187,0,1,0,1,0,0,1,0,1,0,0,1,1,0,0,1,1,0,0,1,0
121,ID12222,0.8979591836734694,0.8577617928590615,0.3333333333333333,2.1194492875777335,1,0,0,1,0,0,0,1,0,1,0,1,0,1,1,0,0,1,0,0,1
122,ID12223,0.3673469387755102,0.2716088491460769,0.3333333333333333,-0.5213417397220748,1,0,0,0,0,1,0,1,1,0,0,1,1,0,0,1,0,1,0,1,0
123,ID12224,0.3469387755102041,0.48203838915656294,0.3333333333333333,0.42670509190933226,1,0,0,1,0,0,1,0,1,0,0,1,0,1,1,0,0,1,1,0,0
124,ID12225,0.5918367346938775,0.6885843097300928,1.0,1.3572550782675663,0,1,0,1,0,0,1,0,0,1,0,1,1,0,1,0,0,1,0,1,0
125,ID12226,0.5918367346938775,0.5849792543829235,0.6666666666666666,0.8904838993827683,0,1,1,0,0,0,0,1,1,0,1,0,0,1,1,0,0,1,0,1,0
126,ID12227,0.3877551020408163,0.348329690898651,0.0,-0.17569183267956584,1,0,0,0,0,1,0,1,0,1,0,1,0,1,1,0,1,0,0,1,0
127,ID12228,0.6122448979591837,0.6468057187113542,0.0,1.1690302651383557,1,0,1,0,0,0,0,1,1,0,0,1,0,1,1,0,1,0,0,1,0
128,ID12229,0.46938775510204084,0.15621355880465743,1.0,-1.041231387287324,0,1,0,0,0,1,0,1,0,1,0,1,0,1,1,0,1,0,0,1,0
129,ID12230,0.1836734693877551,0.2810950671150352,0.0,-0.47860354389088294,1,0,0,1,0,0,1,0,0,1,0,1,0,1,1,0,0,1,1,0,0
130,ID12231,0.5102040816326531,0.3137212559250147,0.6666666666666666,-0.33161298862964045,0,1,1,0,0,0,1,0,1,0,1,0,0,1,1,0,1,0,0,1,0
131,ID12232,0.8775510204081632,0.6296950799514557,1.0,1.091941816136837,0,1,0,1,0,0,0,1,1,0,0,1,0,1,0,1,1,0,0,0,1
132,ID12233,0.6938775510204082,0.20135439722251522,0.6666666666666666,-0.8378586629202849,1,0,0,0,1,0,1,0,0,1,0,1,0,1,1,0,1,0,0,0,1
133,ID12234,0.9387755102040817,0.5406815588645378,0.0,0.6909097812114996,1,0,0,0,1,0,0,1,0,1,1,0,0,1,1,0,1,0,0,0,1
134,ID12235,0.9795918367346939,0.9376022633396822,0.6666666666666666,2.4791540375445944,1,0,0,0,0,1,0,1,0,1,0,1,0,1,0,1,0,1,0,0,1
135,ID12236,0.7142857142857143,0.45289833813093117,0.3333333333333333,0.2954206104289703,1,0,0,0,0,1,0,1,0,1,0,1,0,1,1,0,0,1,0,0,1
136,ID12237,0.04081632653061224,0.155459892294517,0.6666666666666666,-1.0446268760908906,1,0,1,0,0,0,0,1,0,1,1,0,0,1,0,1,1,0,1,0,0
137,ID12238,0.7959183673469388,0.5883260154838893,0.0,0.9055620403027153,1,0,1,0,0,0,1,0,1,0,0,1,0,1,1,0,0,1,0,0,1
138,ID12239,0.9591836734693877,0.6394067095935381,0.0,1.135695557706082,1,0,0,1,0,0,0,1,1,0,0,1,0,1,1,0,1,0,0,0,1
139,ID12240,0.9387755102040817,0.8646308264400666,0.3333333333333333,2.1503962996869515,1,0,1,0,0,0,1,0,1,0,0,1,0,1,1,0,0,1,0,0,1
140,ID12241,0.6938775510204082,0.55201752911295,1.0,0.7419816539007595,0,1,1,0,0,0,0,1,1,0,0,1,0,1,1,0,1,0,0,0,1
141,ID12242,0.5918367346938775,0.3058920718584883,0.0,-0.3668857604475115,1,0,1,0,0,0,0,1,1,0,1,0,0,1,1,0,1,0,0,1,0
142,ID12243,0.20408163265306123,0.21037946764645607,0.3333333333333333,-0.7971980721104533,1,0,0,0,0,1,0,1,0,1,1,0,1,0,0,1,1,0,1,0,0
143,ID12244,0.9387755102040817,0.7564297819408772,0.0,1.6629188409064317,0,1,0,0,0,1,0,1,0,1,0,1,0,1,0,1,1,0,0,0,1
144,ID12245,0.14285714285714285,0.23932852099486046,0.3333333333333333,-0.6667740912172968,0,1,1,0,0,0,0,1,1,0,0,1,0,1,1,0,0,1,1,0,0
145,ID12246,0.8163265306122449,0.7947910631670615,0.0,1.8357476705564568,0,1,0,0,1,0,0,1,1,0,0,1,1,0,0,1,0,1,0,0,1
146,ID12247,0.32653061224489793,0.26192475070071203,0.6666666666666666,-0.5649714451706412,0,1,0,0,0,1,0,1,0,1,1,0,0,1,1,0,1,0,1,0,0
147,ID12248,0.04081632653061224,0.23824964222349515,0.6666666666666666,-0.6716347566963748,1,0,1,0,0,0,1,0,1,0,0,1,0,1,1,0,1,0,1,0,0
148,ID12249,0.9183673469387755,0.35649957352455586,0.0,-0.1388841138683018,0,1,0,1,0,0,0,1,0,1,0,1,1,0,1,0,1,0,0,0,1
149,ID12250,0.24489795918367346,0.3996530036793724,1.0,0.05553475303727794,1,0,0,0,1,0,0,1,0,1,0,1,0,1,1,0,1,0,1,0,0
150,ID12251,0.7142857142857143,0.3988477161753868,0.3333333333333333,0.051906696507439544,0,1,0,1,0,0,0,1,0,1,0,1,0,1,1,0,0,1,0,0,1
151,ID12252,0.5102040816326531,0.5406196136719236,0.6666666666666666,0.6906306999399737,0,1,0,0,0,1,1,0,0,1,1,0,0,1,1,0,0,1,0,1,0
152,ID12253,0.9183673469387755,0.8535460783617012,0.6666666666666666,2.1004562565988802,0,1,0,0,0,1,0,1,1,0,0,1,1,0,0,1,0,1,0,0,1
153,ID12254,0.30612244897959184,0.3397795336180862,0.3333333333333333,-0.21421280040769805,0,1,1,0,0,0,0,1,1,0,0,1,0,1,0,1,0,1,1,0,0
154,ID12255,0.46938775510204084,0.31560886359995516,0.6666666666666666,-0.3231087621056397,0,1,0,1,0,0,1,0,0,1,1,0,1,0,1,0,1,0,0,1,0
155,ID12256,0.04081632653061224,0.05384998835946589,0.6666666666666666,-1.5024093123552884,1,0,0,0,1,0,0,1,1,0,0,1,0,1,1,0,0,1,1,0,0
156,ID12257,0.6530612244897959,0.3690606820268949,0.0,-0.08229263380886039,0,1,0,0,0,1,0,1,0,1,0,1,0,1,1,0,1,0,0,0,1
157,ID12258,0.12244897959183673,0.26590128792658946,0.6666666666666666,-0.5470559779901799,0,1,0,1,0,0,0,1,0,1,0,1,0,1,1,0,1,0,1,0,0
158,ID12259,0.8571428571428571,0.28377763809519224,0.0,-0.466517774382298,1,0,0,0,0,1,0,1,1,0,1,0,0,1,1,0,0,1,0,0,1
159,ID12260,0.5306122448979592,0.17725083449638301,0.3333333333333333,-0.9464522865740733,1,0,0,0,0,1,0,1,1,0,0,1,0,1,1,0,0,1,0,1,0
160,ID12261,0.10204081632653061,0.2385146299919007,0.6666666666666666,-0.6704409090348469,0,1,1,0,0,0,0,1,0,1,0,1,0,1,1,0,1,0,1,0,0
161,ID12262,0.4489795918367347,0.13701915259320646,0.0,-1.1277078201726758,1,0,1,0,0,0,0,1,1,0,1,0,1,0,1,0,1,0,0,1,0
162,ID12263,0.6326530612244898,0.27005161583174586,1.0,-0.528357532797937,1,0,0,0,0,1,1,0,1,0,1,0,0,1,1,0,1,0,0,1,0
163,ID12264,0.061224489795918366,0.04362266498886966,0.3333333333333333,-1.5484864055099872,1,0,0,0,0,1,1,0,0,1,1,0,0,1,1,0,1,0,1,0,0
164,ID12265,0.4489795918367347,0.3422435757242985,0.0,-0.2031115676069966,1,0,1,0,0,0,0,1,1,0,1,0,1,0,1,0,1,0,0,1,0
165,ID12266,0.16326530612244897,0.32792391203163196,0.3333333333333333,-0.26762585487475987,0,1,0,1,0,0,0,1,1,0,1,0,0,1,0,1,0,1,1,0,0
166,ID12267,0.04081632653061224,0.07873406051253797,0.3333333333333333,-1.3902992646802723,0,1,0,0,0,1,1,0,1,0,0,1,0,1,0,1,1,0,1,0,0
167,ID12268,0.12244897959183673,0.06106161326962386,0.3333333333333333,-1.469918825769381,0,1,1,0,0,0,1,0,1,0,1,0,1,0,0,1,1,0,1,0,0
168,ID12269,0.3877551020408163,0.37327639652425526,0.0,-0.06329960283000677,1,0,0,0,0,1,1,0,0,1,0,1,0,1,1,0,1,0,0,1,0
169,ID12270,0.7755102040816326,0.4991111725209749,0.0,0.503622991244918,0,1,1,0,0,0,0,1,1,0,1,0,0,1,1,0,1,0,0,0,1
170,ID12271,0.6938775510204082,0.7598866678287126,0.0,1.6784931263090912,0,1,1,0,0,0,0,1,0,1,0,1,0,1,1,0,1,0,0,0,1
171,ID12272,0.08163265306122448,0.2531509024468179,0.6666666666666666,-0.6045002063792841,0,1,1,0,0,0,0,1,1,0,1,0,0,1,1,0,1,0,1,0,0
172,ID12273,0.3469387755102041,0.33265239506785493,1.0,-0.24632265114827434,0,1,1,0,0,0,0,1,0,1,0,1,0,1,1,0,1,0,1,0,0
173,ID12274,0.32653061224489793,0.37829911922539605,0.3333333333333333,-0.04067076306377247,0,1,0,1,0,0,0,1,0,1,0,1,0,1,1,0,0,1,1,0,0
174,ID12275,1.0,0.6288106402569074,0.6666666666666666,1.087957155760049,1,0,0,0,0,1,0,1,1,0,0,1,0,1,1,0,0,1,0,0,1
175,ID12276,0.8163265306122449,0.8831679253298883,0.0,2.2339113701911106,1,0,1,0,0,0,1,0,1,0,0,1,0,1,1,0,0,1,0,0,1
176,ID12277,0.4489795918367347,0.5599895312624482,0.0,0.7778978630946491,0,1,0,0,0,1,0,1,0,1,0,1,0,1,1,0,1,0,0,1,0
177,ID12278,0.46938775510204084,0.43163909216567103,0.0,0.19964146849275125,1,0,1,0,0,0,0,1,0,1,0,1,0,1,0,1,0,1,0,1,0
178,ID12279,0.5102040816326531,0.1762098111205042,0.0,-0.9511424023872187,0,1,1,0,0,0,0,1,1,0,1,0,1,0,1,0,0,1,0,1,0
179,ID12280,0.9183673469387755,0.5346539474832098,0.6666666666666666,0.6637536230405099,0,1,1,0,0,0,0,1,1,0,1,0,0,1,1,0,0,1,0,0,1
180,ID12281,0.08163265306122448,0.21751004759627704,0.3333333333333333,-0.7650727168547923,1,0,1,0,0,0,0,1,1,0,0,1,0,1,0,1,0,1,1,0,0
181,ID12282,0.8571428571428571,0.8886500748762516,0.0,2.258610062721163,0,1,0,1,0,0,1,0,1,0,0,1,0,1,1,0,0,1,0,0,1
182,ID12283,0.9591836734693877,0.5625361669588128,0.0,0.7893712042573852,1,0,1,0,0,0,1,0,0,1,0,1,0,1,0,1,1,0,0,0,1
183,ID12284,0.6122448979591837,0.23232527282985774,0.6666666666666666,-0.698325779414821,1,0,1,0,0,0,0,1,0,1,0,1,0,1,0,1,1,0,0,1,0
184,ID12285,0.40816326530612246,0.4234261920448951,0.0,0.1626399432429275,1,0,1,0,0,0,1,0,0,1,0,1,1,0,0,1,1,0,0,1,0
185,ID12286,0.6326530612244898,0.4758714010918529,0.3333333333333333,0.3989210008774091,0,1,0,1,0,0,0,1,0,1,0,1,0,1,0,1,0,1,0,1,0
186,ID12287,0.04081632653061224,0.2281869898232652,0.0,-0.7169699588042671,1,0,1,0,0,0,0,1,1,0,1,0,1,0,0,1,0,1,1,0,0
187,ID12288,0.6122448979591837,0.5058132982218805,0.3333333333333333,0.5338180343725241,1,0,0,0,0,1,0,1,1,0,1,0,0,1,1,0,0,1,0,1,0
188,ID12289,0.40816326530612246,0.5136751755845088,0.6666666666666666,0.5692380990837006,0,1,1,0,0,0,0,1,0,1,1,0,0,1,0,1,1,0,0,1,0
189,ID12290,0.46938775510204084,0.28877455029941035,0.0,-0.4440052184791998,1,0,1,0,0,0,0,1,1,0,1,0,0,1,1,0,1,0,0,1,0
190,ID12291,1.0,1.0,0.6666666666666666,2.7602741528042545,1,0,0,0,1,0,0,1,0,1,0,1,0,1,1,0,0,1,0,0,1
191,ID12292,0.42857142857142855,0.17176352285063515,0.3333333333333333,-0.9711742358767526,0,1,1,0,0,0,0,1,0,1,0,1,1,0,1,0,1,0,0,1,0
192,ID12293,0.9387755102040817,0.7572918525380925,1.0,1.6668027219351684,1,0,0,1,0,0,0,1,1,0,0,1,0,1,1,0,0,1,0,0,1
193,ID12294,0.46938775510204084,0.19333077407917182,0.0,-0.8740074398404458,0,1,1,0,0,0,0,1,0,1,1,0,0,1,0,1,0,1,0,1,0
194,ID12295,0.7551020408163265,0.5364778892657412,0.6666666666666666,0.6719710160354425,0,1,0,0,1,0,0,1,0,1,1,0,0,1,1,0,0,1,0,0,1
195,ID12296,0.6938775510204082,0.220691621516938,0.3333333333333333,-0.7507387926589145,0,1,1,0,0,0,0,1,1,0,0,1,1,0,0,1,0,1,0,0,1
196,ID12297,0.24489795918367346,0.2372533570422823,0.0,-0.6761233138134181,1,0,1,0,0,0,1,0,1,0,1,0,0,1,0,1,0,1,1,0,0
197,ID12298,0.6938775510204082,0.7520506009630069,0.6666666666666666,1.643189345461051,0,1,1,0,0,0,0,1,0,1,0,1,0,1,1,0,0,1,0,0,1
198,ID12299,0.16326530612244897,0.164700050192813,0.6666666666666666,-1.0029972530882603,0,1,1,0,0,0,1,0,1,0,1,0,0,1,0,1,1,0,1,0,0
199,ID12300,0.16326530612244897,0.2719529891050451,0.0,-0.5197912882135969,1,0,1,0,0,0,0,1,1,0,0,1,0,1,1,0,0,1,1,0,0
200,ID12301,0.5714285714285714,0.3624411499161417,0.3333333333333333,-0.11211556857443183,0,1,0,0,0,1,0,1,0,1,0,1,0,1,1,0,0,1,0,1,0
201,ID12302,0.5714285714285714,0.6299979231153476,0.0,1.0933062134642975,1,0,0,0,0,1,0,1,1,0,0,1,0,1,0,1,1,0,0,1,0
202,ID12303,0.6938775510204082,0.20584886508663983,0.0,-0.8176097662195642,0,1,1,0,0,0,0,1,1,0,1,0,0,1,1,0,1,0,0,0,1
203,ID12304,0.3877551020408163,0.24087370941062763,1.0,-0.6598125639442313,0,1,1,0,0,0,1,0,0,1,1,0,0,1,1,0,1,0,0,1,0
204,ID12305,0.08163265306122448,0.1333643862289642,0.3333333333333333,-1.1441736151927107,0,1,1,0,0,0,0,1,1,0,0,1,0,1,0,1,0,1,1,0,0
205,ID12306,0.0,0.16130510949759178,0.0,-1.0182924572193943,0,1,1,0,0,0,1,0,0,1,1,0,0,1,0,1,0,1,1,0,0
206,ID12307,0.9183673469387755,0.9359727606339677,0.0,2.4718126496519512,0,1,1,0,0,0,1,0,0,1,0,1,0,1,1,0,0,1,0,0,1
207,ID12308,0.14285714285714285,0.17114062952490278,0.0,-0.9739805531070973,1,0,1,0,0,0,0,1,1,0,0,1,0,1,0,1,1,0,1,0,0
208,ID12309,1.0,0.5962636036374905,0.0,0.9413232043457564,0,1,1,0,0,0,0,1,0,1,0,1,0,1,1,0,1,0,0,0,1
209,ID12310,0.1836734693877551,0.27114253950167505,0.0,-0.5234426015160621,0,1,1,0,0,0,1,0,1,0,0,1,1,0,1,0,0,1,1,0,0
210,ID12311,0.8775510204081632,0.33484628730627713,0.0,-0.23643852278172806,0,1,1,0,0,0,1,0,0,1,1,0,1,0,1,0,0,1,0,0,1
211,ID12312,0.8163265306122449,0.4836799367608411,0.3333333333333333,0.43410074560477113,0,1,0,0,0,1,0,1,0,1,0,1,0,1,1,0,0,1,0,0,1
212,ID12313,0.08163265306122448,0.16207598300568052,0.0,-1.0148194458404038,0,1,1,0,0,0,0,1,0,1,0,1,0,1,1,0,0,1,1,0,0
213,ID12314,0.20408163265306123,0.14043130028637607,0.3333333333333333,-1.112335093466118,0,1,0,0,0,1,1,0,1,0,1,0,0,1,1,0,0,1,1,0,0
214,ID12315,0.10204081632653061,0.08276841325152211,0.0,-1.3721233216463862,0,1,1,0,0,0,0,1,1,0,0,1,0,1,1,0,1,0,1,0,0
215,ID12316,0.1836734693877551,0.2167408947879831,0.0,-0.7685379759762403,0,1,0,0,1,0,0,1,1,0,0,1,0,1,1,0,1,0,1,0,0
216,ID12317,0.1836734693877551,0.17451320112279106,0.0,-0.9587861283240144,1,0,0,0,1,0,0,1,0,1,1,0,0,1,1,0,1,0,1,0,0
217,ID12318,0.4489795918367347,0.4604573723296675,1.0,0.3294762778126861,1,0,1,0,0,0,0,1,0,1,0,1,0,1,0,1,1,0,0,1,0
218,ID12319,0.42857142857142855,0.4590704882950257,0.0,0.3232279582335205,0,1,0,0,0,1,1,0,0,1,0,1,1,0,1,0,0,1,0,1,0
219,ID12320,0.3469387755102041,0.4058182710442876,0.0,0.08331109181165851,1,0,1,0,0,0,0,1,0,1,0,1,0,1,1,0,1,0,1,0,0
220,ID12321,0.3877551020408163,0.3656055168388543,0.6666666666666666,-0.09785916695397792,1,0,1,0,0,0,1,0,0,1,1,0,1,0,1,0,1,0,0,1,0
221,ID12322,0.5918367346938775,0.6385498010957072,0.6666666666666666,1.131834933449972,0,1,1,0,0,0,0,1,1,0,0,1,0,1,1,0,0,1,0,1,0
222,ID12323,0.4897959183673469,0.5901052190717547,0.3333333333333333,0.9135778746015453,1,0,1,0,0,0,0,1,1,0,0,1,0,1,1,0,0,1,0,1,0
223,ID12324,1.0,0.6627411195113764,0.0,1.2408239222384223,1,0,1,0,0,0,0,1,1,0,0,1,0,1,0,1,1,0,0,0,1
224,ID12325,0.7959183673469388,0.7719091972952664,1.0,1.732658149757765,0,1,0,1,0,0,0,1,1,0,0,1,0,1,1,0,0,1,0,0,1
225,ID12326,0.5918367346938775,0.38579104613213355,0.0,-0.006917433724209913,1,0,0,1,0,0,1,0,0,1,0,1,0,1,1,0,0,1,0,1,0
226,ID12327,1.0,0.7822368374639018,0.6666666666666666,1.779187199527185,0,1,1,0,0,0,0,1,0,1,0,1,0,1,1,0,0,1,0,0,1
227,ID12328,0.7755102040816326,0.3419717051567136,0.0,-0.20433642429869406,0,1,0,0,0,1,1,0,1,0,0,1,0,1,1,0,0,1,0,0,1
228,ID12329,0.3877551020408163,0.39588811252826034,0.0,0.038572813534530064,0,1,0,1,0,0,1,0,0,1,1,0,0,1,0,1,0,1,0,1,0
229,ID12330,0.1836734693877551,0.12501383012460104,0.0,-1.1817953210459256,0,1,1,0,0,0,1,0,0,1,1,0,1,0,1,0,0,1,1,0,0
230,ID12331,0.8367346938775511,0.43318944268082277,0.0,0.20662625253844413,1,0,1,0,0,0,0,1,0,1,1,0,0,1,0,1,0,1,0,0,1
231,ID12332,0.2653061224489796,0.41219690518376306,0.3333333333333333,0.11204871052129546,0,1,1,0,0,0,1,0,1,0,1,0,0,1,0,1,1,0,1,0,0
232,ID12333,0.2653061224489796,0.1556250794748218,0.0,-1.0438826593668211,0,1,0,0,1,0,0,1,1,0,1,0,0,1,0,1,0,1,1,0,0
233,ID12334,0.2857142857142857,0.436887226539936,0.0,0.22328585399703843,1,0,0,0,0,1,0,1,0,1,0,1,0,1,1,0,1,0,1,0,0
234,ID12335,0.7959183673469388,0.626747521202893,1.0,1.078662198966724,1,0,0,1,0,0,1,0,1,0,0,1,1,0,1,0,1,0,0,0,1
235,ID12336,0.6326530612244898,0.20127180363236286,0.3333333333333333,-0.8382307712823196,1,0,1,0,0,0,1,0,1,0,0,1,0,1,0,1,0,1,0,1,0
236,ID12337,0.9591836734693877,0.812887662909404,0.6666666666666666,1.9172781631297646,0,1,0,0,0,1,1,0,0,1,0,1,0,1,1,0,0,1,0,0,1
237,ID12338,0.08163265306122448,0.22115621046154507,0.6666666666666666,-0.7486456831224694,1,0,1,0,0,0,0,1,1,0,0,1,0,1,0,1,1,0,1,0,0
238,ID12339,0.16326530612244897,0.224607934249996,0.6666666666666666,-0.7330946544924367,1,0,0,1,0,0,0,1,1,0,0,1,1,0,1,0,1,0,1,0,0
239,ID12340,0.10204081632653061,0.13437787840812557,0.0,-1.1396075355002433,0,1,1,0,0,0,0,1,0,1,0,1,0,1,1,0,1,0,1,0,0
240,ID12341,0.16326530612244897,0.1081475307355699,0.6666666666666666,-1.257782949476425,1,0,0,1,0,0,0,1,0,1,1,0,1,0,1,0,1,0,1,0,0
241,ID12342,0.8367346938775511,0.87784752156424,0.0,2.209941389870043,1,0,1,0,0,0,1,0,0,1,0,1,0,1,1,0,0,1,0,0,1
242,ID12343,1.0,0.5204994709708481,0.3333333333333333,0.5999835524968162,0,1,1,0,0,0,0,1,0,1,0,1,0,1,1,0,0,1,0,0,1
243,ID12344,0.32653061224489793,0.25731155455074334,0.0,-0.585755247641787,1,0,1,0,0,0,0,1,0,1,0,1,0,1,1,0,1,0,1,0,0
244,ID12345,0.6530612244897959,0.39251382023057724,0.6666666666666666,0.023370636493904886,0,1,0,1,0,0,0,1,0,1,0,1,1,0,1,0,1,0,0,0,1
245,ID12346,0.5714285714285714,0.5636959186205357,0.0,0.7945962258409557,0,1,0,0,1,0,1,0,0,1,0,1,0,1,0,1,1,0,0,1,0
246,ID12347,0.10204081632653061,0.044601226962195706,1.0,-1.5440776966456304,1,0,1,0,0,0,1,0,0,1,1,0,1,0,1,0,1,0,1,0,0
247,ID12348,0.16326530612244897,0.28168182574507594,0.0,-0.475960024068928,0,1,0,1,0,0,0,1,1,0,1,0,0,1,1,0,1,0,1,0,0
248,ID12349,0.4489795918367347,0.2638312860733958,1.0,-0.5563819438136741,0,1,0,0,0,1,0,1,1,0,0,1,0,1,1,0,1,0,0,1,0
249,ID12350,0.3673469387755102,0.2807853411519638,1.0,-0.47999895024851297,0,1,0,0,0,1,0,1,0,1,1,0,0,1,1,0,1,0,0,1,0
250,ID12351,0.9591836734693877,0.9060773223984008,0.0,2.3371249271104806,0,1,1,0,0,0,1,0,1,0,0,1,0,1,0,1,1,0,0,0,1
251,ID12352,0.5510204081632653,0.53416698944127,0.3333333333333333,0.6615597341560141,1,0,0,0,0,1,0,1,0,1,0,1,0,1,0,1,0,1,0,1,0
252,ID12353,0.10204081632653061,0.15961710299885282,0.6666666666666666,-1.025897421868478,0,1,1,0,0,0,0,1,1,0,1,0,0,1,0,1,1,0,1,0,0
253,ID12354,0.4897959183673469,0.22143152242871963,0.3333333333333333,-0.7474053219156871,1,0,0,0,0,1,0,1,1,0,1,0,1,0,1,0,0,1,0,1,0
254,ID12355,0.061224489795918366,0.09661540071054578,1.0,-1.3097385795255176,1,0,0,1,0,0,1,0,1,0,0,1,0,1,0,1,1,0,1,0,0
255,ID12356,0.8979591836734694,0.3312104486397782,0.0,-0.2528190429687964,1,0,1,0,0,0,1,0,0,1,1,0,0,1,1,0,0,1,0,0,1
256,ID12357,0.6326530612244898,0.36278701057490476,0.6666666666666666,-0.11055736480841143,1,0,0,0,1,0,1,0,1,0,0,1,0,1,1,0,1,0,0,1,0
257,ID12358,0.20408163265306123,0.3158652478693865,0.6666666666666666,-0.3219536757318236,1,0,0,0,0,1,0,1,1,0,1,0,0,1,0,1,1,0,1,0,0
258,ID12359,0.40816326530612246,0.2835952439169391,1.0,-0.46733951368179144,1,0,0,0,0,1,1,0,1,0,1,0,0,1,0,1,1,0,0,1,0
259,ID12360,0.3673469387755102,0.12307632215561011,0.0,-1.190524363038656,0,1,0,0,0,1,1,0,1,0,1,0,1,0,1,0,1,0,0,1,0
260,ID12361,0.08163265306122448,0.20934016497037217,0.0,-0.8018804356660563,0,1,0,0,1,0,0,1,1,0,0,1,0,1,1,0,1,0,1,0,0
261,ID12362,0.4489795918367347,0.41069817566245653,0.3333333333333333,0.10529649420187427,1,0,0,0,0,1,0,1,1,0,0,1,0,1,0,1,0,1,0,1,0
262,ID12363,0.4489795918367347,0.28560157987772367,0.0,-0.4583003813873654,1,0,0,0,0,1,0,1,1,0,1,0,0,1,1,0,1,0,0,1,0
263,ID12364,0.8571428571428571,0.7114093925086582,0.0,1.4600887745673596,1,0,1,0,0,0,0,1,0,1,0,1,0,1,0,1,1,0,0,0,1
264,ID12365,0.10204081632653061,0.243509821496324,0.0,-0.6479361053892909,0,1,1,0,0,0,1,0,0,1,0,1,1,0,1,0,0,1,1,0,0
265,ID12366,0.061224489795918366,0.22210087464891273,0.3333333333333333,-0.7443896937316978,0,1,1,0,0,0,0,1,0,1,1,0,1,0,1,0,0,1,1,0,0
266,ID12367,0.8163265306122449,0.4854918336448087,0.0,0.4422638727969072,0,1,0,0,0,1,1,0,0,1,0,1,0,1,1,0,0,1,0,0,1
267,ID12368,0.6122448979591837,0.43674612915675903,0.0,0.22265016887856245,1,0,0,0,1,0,1,0,1,0,0,1,0,1,1,0,0,1,0,1,0
268,ID12369,0.9183673469387755,0.5095162441803782,0.0,0.5505008926037455,1,0,0,0,0,1,0,1,0,1,1,0,0,1,1,0,1,0,0,0,1
269,ID12370,0.04081632653061224,0.20060933421134908,1.0,-0.8412153904361394,0,1,0,0,0,1,1,0,0,1,1,0,0,1,0,1,1,0,1,0,0
270,ID12371,1.0,0.9590026066881192,0.6666666666666666,2.5755688645992887,1,0,0,0,1,0,1,0,1,0,0,1,0,1,0,1,0,1,0,0,1
271,ID12372,0.8979591836734694,0.8840971032191025,0.0,2.238097589264001,1,0,1,0,0,0,1,0,0,1,0,1,0,1,1,0,0,1,0,0,1
272,ID12373,0.3673469387755102,0.1414792064614342,0.0,-1.107613968622803,0,1,0,0,0,1,0,1,1,0,0,1,0,1,1,0,1,0,0,1,0
273,ID12374,0.2653061224489796,0.40256098633265364,0.3333333333333333,0.06863606828391575,0,1,1,0,0,0,0,1,0,1,1,0,0,1,1,0,0,1,1,0,0
274,ID12375,0.4897959183673469,0.3792816388082502,0.0,-0.03624422400706833,1,0,1,0,0,0,0,1,0,1,0,1,0,1,1,0,1,0,0,1,0
275,ID12376,0.0,0.074822393668926,0.0,-1.4079224717513856,0,1,0,1,0,0,0,1,0,1,1,0,0,1,0,1,0,1,1,0,0
276,ID12377,0.5714285714285714,0.4076077988309222,0.3333333333333333,0.09137343965574331,1,0,0,0,1,0,1,0,1,0,0,1,0,1,0,1,0,1,0,1,0
277,ID12378,0.14285714285714285,0.29857393563102963,0.3333333333333333,-0.3998561117752931,0,1,0,0,0,1,0,1,0,1,0,1,0,1,1,0,0,1,1,0,0
278,ID12379,0.9591836734693877,0.33490479109930177,0.0,-0.23617494602528671,1,0,0,1,0,0,1,0,1,0,0,1,1,0,0,1,1,0,0,0,1
279,ID12380,0.4489795918367347,0.5499045097648854,0.3333333333333333,0.732461881638706,0,1,0,0,0,1,0,1,1,0,1,0,0,1,0,1,0,1,0,1,0
280,ID12381,0.2857142857142857,0.2979149076096056,0.3333333333333333,-0.4028252264140281,0,1,1,0,0,0,0,1,1,0,1,0,1,0,1,0,0,1,1,0,0
281,ID12382,0.0,0.18232517819136904,0.0,-0.9235908790815673,1,0,1,0,0,0,0,1,1,0,0,1,0,1,1,0,1,0,1,0,0
282,ID12383,0.9387755102040817,0.8483099888860001,0.3333333333333333,2.0768661368973893,0,1,1,0,0,0,0,1,0,1,0,1,1,0,1,0,0,1,0,0,1
283,ID12384,0.5102040816326531,0.5878184090444112,1.0,0.9032751243277105,1,0,1,0,0,0,0,1,1,0,0,1,0,1,0,1,1,0,0,1,0
284,ID12385,0.08163265306122448,0.15012744363030492,1.0,-1.0686511222147548,1,0,1,0,0,0,0,1,1,0,0,1,0,1,1,0,1,0,1,0,0
285,ID12386,0.14285714285714285,0.07694332823604698,0.0,-1.3983670391046368,0,1,0,0,0,1,0,1,1,0,1,0,1,0,1,0,1,0,1,0,0
286,ID12387,0.42857142857142855,0.33831521809267656,0.3333333333333333,-0.2208099715762712,0,1,1,0,0,0,0,1,0,1,0,1,0,1,0,1,0,1,0,1,0
287,ID12388,0.8163265306122449,0.3998801360522914,1.0,0.05655805103287309,1,0,1,0,0,0,0,1,1,0,1,0,0,1,1,0,1,0,0,0,1
288,ID12389,0.30612244897959184,0.15696722531479773,0.3333333333333333,-1.0378358984837575,0,1,1,0,0,0,0,1,1,0,0,1,1,0,1,0,1,0,1,0,0
289,ID12390,0.6938775510204082,0.5531686772756986,0.3333333333333333,0.7471679141966181,1,0,0,1,0,0,0,1,0,1,0,1,0,1,1,0,0,1,0,0,1
290,ID12391,0.10204081632653061,0.14634534548124448,0.0,-1.0856905842929263,0,1,1,0,0,0,1,0,1,0,0,1,0,1,1,0,0,1,1,0,0
291,ID12392,0.5306122448979592,0.5891571134847974,0.0,0.9093063806956889,1,0,1,0,0,0,1,0,0,1,0,1,1,0,1,0,0,1,0,1,0
292,ID12393,0.673469387755102,0.7108140303796432,0.6666666666666666,1.457406493457693,0,1,0,1,0,0,0,1,0,1,0,1,0,1,0,1,0,1,0,0,1
293,ID12394,0.16326530612244897,0.2742191507348507,0.0,-0.5095815650302702,1,0,0,0,0,1,0,1,1,0,0,1,0,1,1,0,1,0,1,0,0
294,ID12395,0.4897959183673469,0.3008039625651436,0.0,-0.3898091860003565,0,1,0,0,0,1,0,1,1,0,0,1,1,0,0,1,1,0,0,1,0
295,ID12396,0.32653061224489793,0.47378935434009534,0.0,0.38954076925111814,0,1,0,0,0,1,0,1,0,1,0,1,0,1,0,1,1,0,1,0,0
296,ID12397,0.7346938775510204,0.3367270121820384,0.6666666666666666,-0.2279653052878964,1,0,0,1,0,0,1,0,0,1,0,1,0,1,0,1,1,0,0,0,1
297,ID12398,0.0,0.06237588377292337,0.6666666666666666,-1.4639976514585042,0,1,0,1,0,0,0,1,1,0,1,0,1,0,1,0,1,0,1,0,0
298,ID12399,0.5918367346938775,0.20863984015387188,0.6666666666666666,-0.8050356044858088,1,0,1,0,0,0,1,0,0,1,1,0,0,1,1,0,1,0,0,1,0
299,ID12400,0.12244897959183673,0.14890058467658332,0.0,-1.0741784818424782,1,0,1,0,0,0,0,1,1,0,0,1,0,1,1,0,1,0,1,0,0
300,ID12401,0.02040816326530612,0.0541712430111627,0.3333333333333333,-1.5009619658721245,1,0,1,0,0,0,0,1,0,1,0,1,0,1,0,1,1,0,1,0,0
301,ID12402,0.3877551020408163,0.17784103452601344,0.0,-0.9437932622370336,1,0,0,0,0,1,0,1,1,0,0,1,1,0,1,0,1,0,0,1,0
302,ID12403,0.5510204081632653,0.41670513864624636,0.0,0.13235962528235526,1,0,0,0,0,1,0,1,1,0,0,1,1,0,1,0,1,0,0,1,0
303,ID12404,0.6326530612244898,0.6271622098534498,1.0,1.0805304930344404,0,1,0,1,0,0,0,1,1,0,0,1,0,1,0,1,1,0,0,1,0
304,ID12405,1.0,0.9013694877597159,1.0,2.3159147504745037,1,0,0,1,0,0,1,0,1,0,0,1,0,1,1,0,0,1,0,0,1
305,ID12406,0.3469387755102041,0.11195888078114263,0.0,-1.2406116990200329,1,0,0,1,0,0,0,1,1,0,1,0,0,1,1,0,1,0,1,0,0
306,ID12407,0.9183673469387755,0.8105027729937544,0.6666666666666666,1.9065335341760132,0,1,1,0,0,0,1,0,0,1,0,1,0,1,1,0,0,1,0,0,1
307,ID12408,0.40816326530612246,0.3659444946984379,0.0,-0.09633197221812718,0,1,0,1,0,0,1,0,0,1,0,1,0,1,1,0,0,1,0,1,0
308,ID12409,0.6122448979591837,0.35565470992528897,0.6666666666666666,-0.1426904723216148,0,1,0,0,0,1,1,0,0,1,0,1,0,1,1,0,1,0,0,1,0
309,ID12410,0.20408163265306123,0.11883995926071167,0.3333333333333333,-1.209610421108018,1,0,1,0,0,0,1,0,1,0,0,1,0,1,1,0,1,0,1,0,0
310,ID12411,0.5714285714285714,0.4412646868180114,0.0,0.24300759718487674,0,1,0,0,0,1,0,1,1,0,0,1,0,1,1,0,1,0,0,1,0
311,ID12412,0.9795918367346939,0.5442950284337038,0.3333333333333333,0.707189522050517,0,1,1,0,0,0,1,0,1,0,0,1,0,1,1,0,0,1,0,0,1
312,ID12413,0.8775510204081632,0.4430146385093647,0.6666666666666666,0.2508916431054867,1,0,0,0,0,1,1,0,0,1,1,0,0,1,1,0,0,1,0,0,1
313,ID12414,0.0,0.19092351506618926,0.6666666666666666,-0.8848528481422484,1,0,0,1,0,0,1,0,0,1,0,1,0,1,1,0,1,0,1,0,0
314,ID12415,0.7346938775510204,0.224077958713185,0.0,-0.7354823498154925,1,0,0,0,0,1,0,1,0,1,0,1,1,0,1,0,1,0,0,0,1
315,ID12416,0.5510204081632653,0.6472255694612954,0.0,1.1709218159786987,0,1,0,1,0,0,1,0,0,1,0,1,0,1,0,1,1,0,0,1,0
316,ID12417,0.8571428571428571,0.2941689441562368,0.6666666666666666,-0.41970189108380956,0,1,1,0,0,0,1,0,0,1,0,1,0,1,1,0,1,0,0,0,1
317,ID12418,0.5510204081632653,0.5622367651945105,0.3333333333333333,0.7880223114450093,1,0,0,0,0,1,1,0,1,0,0,1,0,1,0,1,0,1,0,1,0
318,ID12419,0.2653061224489796,0.3124376138780633,0.6666666666666666,-0.337396172756263,1,0,1,0,0,0,1,0,1,0,0,1,1,0,1,0,1,0,1,0,0
319,ID12420,0.42857142857142855,0.29143647288202934,0.0,-0.43201247606112364,0,1,0,0,1,0,1,0,0,1,0,1,0,1,0,1,1,0,0,1,0
320,ID12421,0.7142857142857143,0.5693656244445366,0.6666666666666666,0.8201399144431282,0,1,1,0,0,0,1,0,0,1,0,1,0,1,1,0,0,1,0,0,1
321,ID12422,0.3469387755102041,0.3074665121707678,0.0,-0.35979244479622535,0,1,0,1,0,0,0,1,0,1,1,0,1,0,0,1,0,1,1,0,0
322,ID12423,0.14285714285714285,0.10374942205995642,0.3333333333333333,-1.2775977197547717,1,0,0,0,0,1,0,1,0,1,0,1,1,0,0,1,1,0,1,0,0
323,ID12424,0.2857142857142857,0.3271633627223123,0.0,-0.271052352708496,0,1,0,0,0,1,1,0,1,0,0,1,0,1,1,0,0,1,1,0,0
324,ID12425,0.3673469387755102,0.4040356260568323,0.0,0.07527975299774309,0,1,0,0,1,0,0,1,1,0,0,1,0,1,1,0,1,0,0,1,0
325,ID12426,0.12244897959183673,0.07658834786837126,0.0,-1.3999663298356317,1,0,0,0,0,1,1,0,1,0,1,0,0,1,1,0,0,1,1,0,0
326,ID12427,0.42857142857142855,0.5134239534144621,0.3333333333333333,0.5681062694825119,0,1,1,0,0,0,0,1,1,0,0,1,1,0,0,1,0,1,0,1,0
327,ID12428,0.12244897959183673,0.2796858139830604,0.0,-0.4849526428180995,0,1,1,0,0,0,0,1,1,0,1,0,0,1,0,1,0,1,1,0,0
328,ID12429,0.7959183673469388,0.7886825788953761,0.3333333333333333,1.808227156280975,1,0,0,1,0,0,1,0,1,0,0,1,1,0,0,1,0,1,0,0,1
329,ID12430,0.1836734693877551,0.2330118320479993,1.0,-0.6952326286554076,1,0,0,0,0,1,0,1,1,0,1,0,0,1,1,0,1,0,1,0,0
330,ID12431,0.9795918367346939,0.8217320598548865,1.0,1.9571247668976455,1,0,0,1,0,0,0,1,0,1,0,1,0,1,1,0,0,1,0,0,1
331,ID12432,0.0,0.11334576481578446,0.6666666666666666,-1.234363379440867,1,0,1,0,0,0,0,1,1,0,0,1,0,1,0,1,1,0,1,0,0
332,ID12433,0.30612244897959184,0.42204447010963786,0.0,0.156414880436389,1,0,0,0,0,1,0,1,1,0,0,1,1,0,1,0,1,0,1,0,0
333,ID12434,0.6122448979591837,0.22105468917364943,0.6666666666666666,-0.7491030663174705,0,1,0,0,1,0,0,1,1,0,0,1,0,1,1,0,1,0,0,1,0
334,ID12435,0.10204081632653061,0.27579014964754045,0.3333333333333333,-0.5025037538940689,1,0,0,0,1,0,0,1,1,0,1,0,0,1,1,0,0,1,1,0,0
335,ID12436,0.5306122448979592,0.37294258076405606,0.3333333333333333,-0.06480354079323039,0,1,0,0,0,1,0,1,1,0,0,1,1,0,0,1,0,1,0,1,0
336,ID12437,0.42857142857142855,0.37659906782809316,0.6666666666666666,-0.048329993515653265,0,1,1,0,0,0,0,1,1,0,1,0,1,0,0,1,1,0,0,1,0
337,ID12438,0.9591836734693877,0.5689784669906974,0.3333333333333333,0.8183956564960906,0,1,1,0,0,0,0,1,0,1,0,1,1,0,0,1,1,0,0,0,1
338,ID12439,0.8571428571428571,0.5599138204714752,0.6666666666666666,0.7775567637627839,0,1,0,0,1,0,0,1,0,1,0,1,0,1,0,1,0,1,0,0,1
339,ID12440,0.04081632653061224,0.22662287370975476,0.0,-0.724016760910299,0,1,1,0,0,0,0,1,1,0,1,0,0,1,0,1,0,1,1,0,0
340,ID12441,0.5510204081632653,0.4103987738981542,0.0,0.10394760138949871,1,0,0,0,1,0,0,1,1,0,0,1,0,1,1,0,1,0,0,1,0
341,ID12442,0.9795918367346939,0.7456117423307119,0.3333333333333333,1.61418039773743,0,1,0,1,0,0,0,1,0,1,0,1,1,0,1,0,0,1,0,0,1
342,ID12443,0.9387755102040817,0.8274860799688347,0.0,1.983048316119395,0,1,1,0,0,0,0,1,0,1,0,1,0,1,1,0,1,0,0,0,1
343,ID12444,0.673469387755102,0.24782533658178513,0.0,-0.6284934434729788,1,0,1,0,0,0,0,1,1,0,0,1,0,1,1,0,1,0,0,0,1
344,ID12445,0.32653061224489793,0.3204612370214067,0.6666666666666666,-0.30124739583610205,0,1,0,1,0,0,0,1,0,1,0,1,0,1,1,0,1,0,1,0,0
345,ID12446,0.9591836734693877,0.642922099274398,0.3333333333333333,1.151533419865183,1,0,0,0,0,1,0,1,1,0,0,1,0,1,1,0,0,1,0,0,1
346,ID12447,0.6530612244897959,0.5976177943760305,0.0,0.9474242310316172,0,1,0,1,0,0,0,1,0,1,0,1,1,0,0,1,1,0,0,0,1
347,ID12448,0.9795918367346939,0.6913012947061467,0.0,1.3694958929269991,1,0,1,0,0,0,0,1,1,0,0,1,1,0,1,0,1,0,0,0,1
348,ID12449,0.9183673469387755,0.566397417298436,0.0,0.8067672701825067,0,1,1,0,0,0,0,1,1,0,0,1,1,0,0,1,1,0,0,0,1
349,ID12450,0.7142857142857143,0.3274111434927694,0.3333333333333333,-0.2699360276223918,1,0,1,0,0,0,1,0,1,0,1,0,0,1,1,0,0,1,0,0,1
350,ID12451,0.30612244897959184,0.4507010044929192,0.0,0.2855209775473391,1,0,1,0,0,0,1,0,0,1,1,0,0,1,0,1,0,1,1,0,0
351,ID12452,0.40816326530612246,0.33398937880844637,0.0,-0.24029914703783783,0,1,0,0,0,1,0,1,1,0,0,1,0,1,0,1,1,0,0,1,0
352,ID12453,0.7755102040816326,0.33714686293197954,0.3333333333333333,-0.2260737544475536,1,0,0,1,0,0,1,0,1,0,0,1,0,1,0,1,1,0,0,0,1
353,ID12454,0.6122448979591837,0.6546022094817786,0.3333333333333333,1.2041557440629211,0,1,0,0,0,1,1,0,0,1,0,1,0,1,1,0,0,1,0,1,0
354,ID12455,0.6326530612244898,0.4333460263621533,0.0,0.20733170797480144,1,0,0,0,1,0,0,1,0,1,1,0,0,1,0,1,0,1,0,1,0
355,ID12456,0.7346938775510204,0.7772726185557857,0.6666666666666666,1.756821936517392,1,0,0,1,0,0,0,1,1,0,0,1,0,1,0,1,0,1,0,0,1
356,ID12457,0.46938775510204084,0.30803778450265495,0.0,-0.35721869529215233,1,0,0,0,1,0,0,1,1,0,1,0,0,1,1,0,1,0,0,1,0
357,ID12458,0.02040816326530612,0.07878258424675247,0.0,-1.390080651017577,0,1,0,1,0,0,1,0,1,0,0,1,0,1,1,0,0,1,1,0,0
358,ID12459,0.6938775510204082,0.5031221237427492,1.0,0.5216935035762272,1,0,1,0,0,0,1,0,0,1,1,0,0,1,1,0,1,0,0,0,1
359,ID12460,0.6938775510204082,0.30590755815664183,0.3333333333333333,-0.3668159901296302,1,0,1,0,0,0,0,1,0,1,0,1,1,0,1,0,0,1,0,0,1
360,ID12461,0.9387755102040817,0.801959498512369,0.6666666666666666,1.8680435754780509,1,0,0,0,0,1,1,0,0,1,0,1,0,1,1,0,0,1,0,0,1
361,ID12462,0.7755102040816326,0.25646497025168163,1.0,-0.5895693583526422,0,1,0,0,0,1,0,1,1,0,0,1,0,1,0,1,1,0,0,0,1
362,ID12463,0.7755102040816326,0.4234795337385352,0.6666666666666666,0.16288026322674146,0,1,0,0,0,1,0,1,1,0,1,0,0,1,1,0,1,0,0,0,1
363,ID12464,0.02040816326530612,0.12965111607169744,0.0,-1.1609029869691867,1,0,0,0,0,1,0,1,1,0,0,1,0,1,1,0,1,0,1,0,0
364,ID12465,0.7755102040816326,0.7964274486719554,0.3333333333333333,1.8431200674792694,1,0,0,0,0,1,0,1,0,1,0,1,1,0,1,0,0,1,0,0,1
365,ID12466,0.1836734693877551,0.21251657679164856,0.6666666666666666,-0.7875697682428059,0,1,1,0,0,0,0,1,0,1,0,1,1,0,1,0,0,1,1,0,0
366,ID12467,0.8367346938775511,0.42764018584246066,0.3333333333333333,0.18162522196423883,1,0,1,0,0,0,1,0,0,1,1,0,0,1,1,0,0,1,0,0,1
367,ID12468,0.7755102040816326,0.7353580922532547,0.0,1.5679846950423326,0,1,1,0,0,0,0,1,0,1,0,1,0,1,0,1,1,0,0,0,1
368,ID12469,0.061224489795918366,0.10784124617208822,0.0,-1.25916285131897,0,1,0,0,0,1,0,1,1,0,0,1,0,1,0,1,1,0,1,0,0
369,ID12470,0.9387755102040817,0.5000283055116252,1.0,0.5077549445150117,0,1,1,0,0,0,0,1,1,0,0,1,1,0,0,1,1,0,0,0,1
370,ID12471,0.8979591836734694,0.7202193754582439,0.0,1.4997803331843924,0,1,1,0,0,0,0,1,1,0,0,1,0,1,1,0,1,0,0,0,1
371,ID12472,0.5306122448979592,0.5753932358258644,0.6666666666666666,0.8472960726141173,1,0,1,0,0,0,1,0,1,0,0,1,0,1,1,0,0,1,0,1,0
372,ID12473,0.12244897959183673,0.047184169424231474,0.0,-1.53244078284875,1,0,1,0,0,0,1,0,1,0,1,0,1,0,1,0,0,1,1,0,0
373,ID12474,0.6938775510204082,0.4026366971236266,0.0,0.0689771676157807,1,0,1,0,0,0,0,1,1,0,1,0,0,1,1,0,1,0,0,0,1
374,ID12475,1.0,0.7258667121849119,0.6666666666666666,1.5252232424385137,1,0,0,0,1,0,0,1,1,0,0,1,0,1,1,0,0,1,0,0,1
375,ID12476,0.46938775510204084,0.27276688010800487,0.0,-0.5161244703960468,0,1,1,0,0,0,0,1,0,1,0,1,0,1,1,0,1,0,0,1,0
376,ID12477,0.8163265306122449,0.485066820795483,0.3333333333333333,0.4403490651839373,1,0,0,0,0,1,1,0,1,0,1,0,1,0,0,1,0,1,0,0,1
377,ID12478,0.4489795918367347,0.3408584123894515,0.6666666666666666,-0.20935213492861995,0,1,1,0,0,0,1,0,1,0,1,0,0,1,1,0,1,0,0,1,0
378,ID12479,0.02040816326530612,0.22321932951555934,0.0,-0.7393507263291449,0,1,0,0,1,0,0,1,1,0,1,0,0,1,0,1,0,1,1,0,0
379,ID12480,0.04081632653061224,0.08423875122621369,1.0,-1.3654990175764148,1,0,1,0,0,0,0,1,1,0,1,0,0,1,1,0,1,0,1,0,0
380,ID12481,0.7755102040816326,0.37044240396215217,0.0,-0.0760675710023219,1,0,0,0,0,1,1,0,0,1,0,1,0,1,1,0,0,1,0,0,1
381,ID12482,0.5714285714285714,0.4743847164691103,0.6666666666666666,0.3922230503607847,1,0,1,0,0,0,0,1,0,1,0,1,0,1,1,0,1,0,0,1,0
382,ID12483,0.24489795918367346,0.16505623505034508,0.3333333333333333,-1.0013925357769857,0,1,1,0,0,0,0,1,1,0,1,0,0,1,1,0,1,0,1,0,0
383,ID12484,0.4489795918367347,0.5131572449462618,0.3333333333333333,0.5669046695634415,1,0,0,0,0,1,0,1,0,1,0,1,0,1,1,0,0,1,0,1,0
384,ID12485,0.3673469387755102,0.37694664918665105,0.0,-0.046764037492090585,1,0,0,0,0,1,0,1,1,0,1,0,0,1,1,0,1,0,0,1,0
385,ID12486,0.7959183673469388,0.5718589184472612,1.0,0.8313729356220503,1,0,1,0,0,0,1,0,0,1,1,0,0,1,0,1,1,0,0,0,1
386,ID12487,0.6326530612244898,0.1836828103294985,0.0,-0.9174743478806222,0,1,1,0,0,0,1,0,1,0,1,0,0,1,1,0,1,0,0,1,0
387,ID12488,0.8775510204081632,0.4326439808458582,0.3333333333333333,0.20416878689750667,0,1,1,0,0,0,1,0,0,1,1,0,1,0,1,0,0,1,0,0,1
388,ID12489,0.22448979591836735,0.1656688041773085,0.0,-0.9986327320918951,0,1,1,0,0,0,1,0,0,1,1,0,0,1,1,0,0,1,1,0,0
389,ID12490,0.6122448979591837,0.18788475922850015,0.0,-0.8985433349621078,1,0,1,0,0,0,0,1,1,0,0,1,1,0,1,0,1,0,0,1,0
390,ID12491,0.7755102040816326,0.6757891860556554,0.0,1.29960929118236,1,0,1,0,0,0,0,1,1,0,0,1,0,1,1,0,1,0,0,0,1
391,ID12492,0.4489795918367347,0.2956659529777484,0.0,-0.41295742702193095,0,1,0,0,0,1,1,0,0,1,1,0,0,1,1,0,0,1,0,1,0
392,ID12493,0.8163265306122449,0.5718589184472612,1.0,0.8313729356220503,1,0,0,0,0,1,0,1,0,1,0,1,1,0,1,0,1,0,0,0,1
393,ID12494,0.8571428571428571,0.2931898659729723,0.6666666666666666,-0.4241129256254289,1,0,1,0,0,0,0,1,0,1,0,1,1,0,0,1,1,0,0,0,1
394,ID12495,0.8163265306122449,0.35195692606617573,0.0,-0.15935007378020938,1,0,0,0,1,0,1,0,0,1,1,0,1,0,0,1,0,1,0,0,1
395,ID12496,1.0,0.3178423319336588,1.0,-0.31304633181561825,1,0,0,0,0,1,0,1,0,1,1,0,1,0,0,1,1,0,0,0,1
396,ID12497,0.4489795918367347,0.35712074615049344,0.0,-0.1360855488954994,0,1,0,1,0,0,0,1,0,1,0,1,1,0,1,0,1,0,0,1,0
397,ID12498,0.6122448979591837,0.5018935440892327,0.6666666666666666,0.5161583916909611,0,1,1,0,0,0,0,1,1,0,0,1,0,1,1,0,0,1,0,1,0
398,ID12499,0.9387755102040817,0.9021678924645222,0.3333333333333333,2.3195117979741724,1,0,1,0,0,0,1,0,1,0,0,1,0,1,1,0,0,1,0,0,1
399,ID12500,0.5102040816326531,0.568615399333986,0.0,0.8167599301546467,0,1,0,0,0,1,0,1,0,1,0,1,1,0,0,1,1,0,0,1,0
400,ID12501,0.32653061224489793,0.24893518794945754,0.0,-0.6234932373581378,1,0,0,1,0,0,1,0,1,0,1,0,0,1,0,1,0,1,1,0,0
401,ID12502,0.16326530612244897,0.25035476528020134,1.0,-0.6170976248856667,0,1,0,1,0,0,1,0,0,1,1,0,1,0,0,1,1,0,1,0,0
402,ID12503,0.6122448979591837,0.5778830884289994,0.0,0.858513589277955,0,1,1,0,0,0,0,1,0,1,1,0,0,1,1,0,1,0,0,1,0
403,ID12504,0.3469387755102041,0.270839696337783,0.0,-0.5248069988435228,0,1,1,0,0,0,1,0,1,0,1,0,1,0,0,1,0,1,1,0,0
404,ID12505,0.12244897959183673,0.15228864257262514,1.0,-1.0589142867415138,1,0,1,0,0,0,0,1,1,0,0,1,0,1,1,0,0,1,1,0,0
405,ID12506,0.5918367346938775,0.5434794167309491,1.0,0.7035149519754245,0,1,0,0,1,0,0,1,0,1,0,1,0,1,1,0,0,1,0,1,0
406,ID12507,0.6938775510204082,0.702766317439172,0.3333333333333333,1.4211491849319382,0,1,0,0,1,0,1,0,1,0,0,1,0,1,1,0,0,1,0,0,1
407,ID12508,0.2653061224489796,0.2985085490388257,0.0,-0.40015069756190386,0,1,0,0,1,0,1,0,1,0,0,1,0,1,1,0,0,1,1,0,0
408,ID12509,0.46938775510204084,0.29199914171494235,0.3333333333333333,-0.4294774878447623,1,0,0,0,1,0,0,1,0,1,1,0,1,0,1,0,0,1,0,1,0
409,ID12510,0.10204081632653061,0.10425358709984481,0.6666666666666666,-1.2753263082948518,0,1,0,0,1,0,0,1,1,0,0,1,1,0,1,0,1,0,1,0,0
410,ID12511,0.1836734693877551,0.2261737710633013,0.3333333333333333,-0.7260401001288624,1,0,1,0,0,0,1,0,0,1,1,0,0,1,0,1,0,1,1,0,0
411,ID12512,0.08163265306122448,0.039403853231878574,0.0,-1.567493390552417,0,1,1,0,0,0,1,0,0,1,0,1,0,1,0,1,1,0,1,0,0
412,ID12513,1.0,0.9133094236361174,0.6666666666666666,2.3697076655611427,1,0,1,0,0,0,1,0,0,1,0,1,0,1,1,0,0,1,0,0,1
413,ID12514,0.16326530612244897,0.1979560151277043,0.0,-0.8531693715665036,1,0,1,0,0,0,0,1,0,1,1,0,0,1,1,0,0,1,1,0,0
414,ID12515,0.8163265306122449,0.7131834339971392,0.0,1.4680813520935627,1,0,0,0,1,0,0,1,1,0,0,1,0,1,1,0,1,0,0,0,1
415,ID12516,0.1836734693877551,0.2588705085648693,0.0,-0.5787317023083822,0,1,0,1,0,0,0,1,1,0,0,1,0,1,0,1,1,0,1,0,0
416,ID12517,0.3673469387755102,0.12937924550411256,0.3333333333333333,-1.1621278436608842,0,1,1,0,0,0,1,0,1,0,0,1,1,0,0,1,1,0,0,1,0
417,ID12518,0.2653061224489796,0.3068745914413425,0.3333333333333333,-0.36245922139080733,0,1,0,1,0,0,0,1,0,1,1,0,1,0,1,0,0,1,1,0,0
418,ID12519,0.20408163265306123,0.35593002189246353,0.6666666666666666,-0.14145011111483252,1,0,0,0,0,1,0,1,0,1,0,1,1,0,1,0,0,1,1,0,0
419,ID12520,0.7959183673469388,0.285608462676903,0.0,-0.458269372357196,0,1,0,0,0,1,0,1,1,0,0,1,0,1,0,1,1,0,0,0,1
420,ID12521,0.9387755102040817,0.7560185346899102,0.0,1.6610660513538005,0,1,1,0,0,0,0,1,0,1,0,1,0,1,0,1,1,0,0,0,1
421,ID12522,0.6326530612244898,0.6267440798033034,0.3333333333333333,1.0786466944516395,0,1,1,0,0,0,1,0,1,0,0,1,1,0,1,0,0,1,0,1,0
422,ID12523,0.08163265306122448,0.11006955240640727,0.3333333333333333,-1.2491236778015762,0,1,1,0,0,0,0,1,0,1,1,0,0,1,1,0,1,0,1,0,0
423,ID12524,0.8163265306122449,0.6698063128689933,0.0,1.2726546917074724,1,0,1,0,0,0,0,1,0,1,0,1,0,1,1,0,1,0,0,0,1
424,ID12525,0.04081632653061224,0.21036053994871284,0.3333333333333333,-0.7972833469434195,0,1,0,0,0,1,1,0,0,1,1,0,0,1,1,0,0,1,1,0,0
425,ID12526,0.5306122448979592,0.4383394971667818,0.0,0.22982875936281505,1,0,0,1,0,0,0,1,1,0,0,1,0,1,1,0,1,0,0,1,0
426,ID12527,0.9591836734693877,0.4276298616436916,1.0,0.18157870841898435,1,0,0,0,0,1,0,1,1,0,0,1,1,0,1,0,1,0,0,0,1
427,ID12528,0.7142857142857143,0.4675174035879,0.6666666666666666,0.36128379050910936,1,0,1,0,0,0,0,1,0,1,1,0,1,0,1,0,0,1,0,0,1
428,ID12529,0.32653061224489793,0.2115512642067428,0.3333333333333333,-0.7919187847240862,1,0,1,0,0,0,0,1,0,1,1,0,0,1,0,1,0,1,1,0,0
429,ID12530,0.3469387755102041,0.3931745689517962,0.6666666666666666,0.026347503390182464,0,1,0,1,0,0,1,0,1,0,0,1,0,1,0,1,1,0,1,0,0
430,ID12531,0.6122448979591837,0.4113572036838806,0.0,0.10826560884060929,0,1,0,0,0,1,0,1,1,0,0,1,1,0,0,1,1,0,0,1,0
431,ID12532,0.9387755102040817,0.9180465101713147,0.3333333333333333,2.3910496305753406,1,0,0,0,0,1,0,1,0,1,0,1,0,1,1,0,0,1,0,0,1
432,ID12533,0.5714285714285714,0.20364636934924338,0.0,-0.8275326558738224,0,1,0,0,0,1,1,0,0,1,0,1,0,1,0,1,1,0,0,1,0
433,ID12534,0.4897959183673469,0.39789961058842943,0.0,0.047635202601583194,1,0,0,1,0,0,0,1,1,0,1,0,0,1,0,1,0,1,0,1,0
434,ID12535,0.5918367346938775,0.3101387589521558,0.0,-0.3477531888328949,0,1,1,0,0,0,0,1,0,1,0,1,1,0,1,0,1,0,0,1,0
435,ID12536,0.10204081632653061,0.11567731303779397,0.6666666666666666,-1.2238590704709296,0,1,0,0,0,1,1,0,0,1,0,1,0,1,0,1,1,0,1,0,0
436,ID12537,0.3469387755102041,0.19728322150792152,0.0,-0.8562005042655777,0,1,1,0,0,0,0,1,0,1,1,0,1,0,0,1,0,1,1,0,0
437,ID12538,0.9387755102040817,0.4542903842649575,0.3333333333333333,0.30169218678076326,1,0,1,0,0,0,1,0,0,1,0,1,1,0,0,1,0,1,0,0,1
438,ID12539,0.0,0.12222285505736898,0.3333333333333333,-1.194369482779681,1,0,0,0,1,0,0,1,1,0,1,0,0,1,1,0,1,0,1,0,0
439,ID12540,0.02040816326530612,0.17900250688753108,0.3333333333333333,-0.938560488395921,0,1,1,0,0,0,0,1,0,1,1,0,0,1,1,0,1,0,1,0,0
440,ID12541,0.4489795918367347,0.419857460670395,0.3333333333333333,0.1465617611000121,0,1,1,0,0,0,0,1,1,0,0,1,1,0,0,1,0,1,0,1,0
441,ID12542,0.5918367346938775,0.682565301847739,0.0,1.3301376813842887,0,1,1,0,0,0,0,1,0,1,0,1,0,1,1,0,1,0,0,1,0
442,ID12543,0.5102040816326531,0.5380075913833549,0.0,0.6788627729906267,1,0,0,1,0,0,0,1,0,1,0,1,0,1,1,0,1,0,0,1,0
443,ID12544,0.40816326530612246,0.48676171009340136,0.0,0.4479850388631907,0,1,0,0,0,1,1,0,0,1,1,0,0,1,0,1,0,1,0,1,0
444,ID12545,0.061224489795918366,0.18554116610792676,0.0,-0.9091019097348418,1,0,0,1,0,0,0,1,1,0,0,1,0,1,1,0,0,1,1,0,0
445,ID12546,0.4489795918367347,0.46201804704358823,0.0,0.3365075754036332,0,1,0,1,0,0,0,1,0,1,0,1,0,1,1,0,1,0,0,1,0
446,ID12547,0.6938775510204082,0.6660018456226,0.0,1.2555144502812499,1,0,0,0,0,1,0,1,1,0,0,1,0,1,1,0,1,0,0,0,1
447,ID12548,0.3469387755102041,0.44368743212914746,0.6666666666666666,0.25392277580456074,1,0,0,0,0,1,0,1,1,0,1,0,0,1,1,0,0,1,1,0,0
448,ID12549,0.7142857142857143,0.7563747195474422,1.0,1.6626707686650748,0,1,0,1,0,0,0,1,0,1,0,1,1,0,1,0,0,1,0,0,1
449,ID12550,0.40816326530612246,0.4998149387370649,0.0,0.5067936645797553,1,0,0,1,0,0,1,0,0,1,0,1,0,1,1,0,0,1,0,1,0
450,ID12551,0.4897959183673469,0.41166692964695195,1.0,0.10966101519823934,0,1,1,0,0,0,0,1,0,1,1,0,1,0,1,0,1,0,0,1,0
451,ID12552,0.5102040816326531,0.5768781997488123,0.0,0.8539862708731994,0,1,0,0,0,1,1,0,0,1,0,1,1,0,0,1,1,0,0,1,0
452,ID12553,0.8367346938775511,0.3790854790316383,0.0,-0.03712798136690082,1,0,1,0,0,0,1,0,1,0,1,0,0,1,1,0,0,1,0,0,1
453,ID12554,0.8367346938775511,0.7961693437027292,0.0,1.841957228847911,1,0,0,1,0,0,1,0,0,1,0,1,0,1,0,1,1,0,0,0,1
454,ID12555,0.12244897959183673,0.19509277066908898,0.0,-0.8660691281170392,0,1,1,0,0,0,1,0,1,0,0,1,0,1,0,1,1,0,1,0,0
455,ID12556,0.1836734693877551,0.117905619272113,0.0,-1.2138198969535356,1,0,1,0,0,0,0,1,0,1,0,1,0,1,1,0,1,0,1,0,0
456,ID12557,0.2857142857142857,0.1420160647974246,0.0,-1.1051952642695775,1,0,0,0,0,1,0,1,0,1,0,1,0,1,0,1,1,0,1,0,0
457,ID12558,0.9591836734693877,0.9728903747322806,0.0,2.638137335223912,1,0,1,0,0,0,0,1,1,0,0,1,0,1,1,0,1,0,0,0,1
458,ID12559,0.0,0.14945981210990664,0.3333333333333333,-1.0716589981412017,0,1,0,0,1,0,1,0,1,0,0,1,0,1,1,0,1,0,1,0,0
459,ID12560,0.9795918367346939,0.7218282297664202,0.3333333333333333,1.5070286939865263,0,1,0,0,0,1,0,1,1,0,0,1,0,1,1,0,0,1,0,0,1
460,ID12561,0.46938775510204084,0.31766509985479013,0.0,-0.31384481434248457,0,1,1,0,0,0,0,1,0,1,1,0,0,1,0,1,0,1,0,1,0
461,ID12562,0.9387755102040817,0.33622284714214995,0.0,-0.23023671674781668,1,0,0,0,1,0,0,1,0,1,0,1,1,0,0,1,1,0,0,0,1
462,ID12563,0.10204081632653061,0.22430681178589884,0.0,-0.7344512995623548,1,0,1,0,0,0,0,1,0,1,1,0,0,1,0,1,0,1,1,0,0
463,ID12564,0.22448979591836735,0.17591385075579158,0.6666666666666666,-0.9524757906845096,1,0,0,1,0,0,0,1,0,1,1,0,0,1,1,0,1,0,1,0,0
464,ID12565,0.20408163265306123,0.267410341646665,0.0,-0.5402572481255045,0,1,0,0,0,1,1,0,0,1,0,1,0,1,1,0,0,1,1,0,0
465,ID12566,0.7959183673469388,0.40277263240741906,0.6666666666666666,0.06958959596162956,1,0,0,0,0,1,0,1,0,1,0,1,0,1,0,1,1,0,0,0,1
466,ID12567,0.40816326530612246,0.2901493894354883,0.0,-0.4378111647028307,0,1,1,0,0,0,0,1,1,0,1,0,0,1,1,0,1,0,0,1,0
467,ID12568,0.32653061224489793,0.13414558393582204,1.0,-1.1406540902684659,1,0,0,0,1,0,1,0,1,0,0,1,0,1,1,0,0,1,1,0,0
468,ID12569,0.5102040816326531,0.17370791361880544,0.0,-0.9624141848538527,0,1,0,0,1,0,0,1,1,0,1,0,0,1,1,0,0,1,0,1,0
469,ID12570,0.9183673469387755,0.5575151649574669,1.0,0.7667501167486932,0,1,0,0,0,1,1,0,0,1,0,1,0,1,1,0,1,0,0,0,1
470,ID12571,0.8979591836734694,0.6281825848317905,0.0,1.085127581757077,1,0,1,0,0,0,0,1,1,0,0,1,0,1,0,1,1,0,0,0,1
471,ID12572,0.673469387755102,0.3503102163625129,0.0,-0.16676898424827594,1,0,1,0,0,0,0,1,0,1,0,1,0,1,1,0,1,0,0,0,1
472,ID12573,0.8775510204081632,0.2774729940468949,0.6666666666666666,-0.49492204601761225,0,1,1,0,0,0,0,1,0,1,0,1,1,0,1,0,1,0,0,0,1
473,ID12574,0.46938775510204084,0.3913454650698802,0.0,0.01810685362262248,1,0,0,0,0,1,1,0,1,0,0,1,0,1,1,0,0,1,0,1,0
474,ID12575,0.2653061224489796,0.30394251899093344,0.3333333333333333,-0.3756690682430387,1,0,0,0,0,1,1,0,0,1,0,1,0,1,0,1,0,1,1,0,0
475,ID12576,0.30612244897959184,0.12327592333181166,0.6666666666666666,-1.1896251011637387,1,0,0,0,0,1,0,1,1,0,0,1,0,1,0,1,1,0,1,0,0
476,ID12577,0.5102040816326531,0.3629384321568508,0.3333333333333333,-0.10987516614468124,0,1,0,1,0,0,1,0,1,0,1,0,0,1,1,0,0,1,0,1,0
477,ID12578,0.4489795918367347,0.3854950857674209,0.0,-0.008250822021500917,0,1,1,0,0,0,0,1,1,0,0,1,0,1,0,1,1,0,0,1,0
478,ID12579,0.5918367346938775,0.31528365133873026,0.6666666666666666,-0.3245739387811511,0,1,0,0,0,1,0,1,1,0,0,1,0,1,0,1,1,0,0,1,0
479,ID12580,0.5714285714285714,0.6604267782873152,0.3333333333333333,1.2303971358439088,0,1,0,0,0,1,1,0,0,1,0,1,0,1,1,0,0,1,0,1,0
480,ID12581,0.24489795918367346,0.11222386854954816,0.6666666666666666,-1.2394178513585048,0,1,0,1,0,0,0,1,1,0,1,0,0,1,0,1,1,0,1,0,0
481,ID12582,0.5918367346938775,0.6821609373959514,0.6666666666666666,1.328315900861827,0,1,1,0,0,0,1,0,0,1,0,1,0,1,1,0,0,1,0,1,0
482,ID12583,0.5306122448979592,0.4774647691018756,0.0,0.4060995913616614,0,1,0,1,0,0,1,0,1,0,0,1,0,1,0,1,1,0,0,1,0
483,ID12584,0.10204081632653061,0.1959806517632269,0.0,-0.8620689632251665,0,1,0,1,0,0,0,1,0,1,0,1,1,0,1,0,1,0,1,0,0
484,ID12585,0.20408163265306123,0.2782455882547785,0.3333333333333333,-0.49144128238107937,1,0,1,0,0,0,0,1,0,1,0,1,0,1,1,0,0,1,1,0,0
485,ID12586,0.9387755102040817,0.7726473775072532,0.0,1.73598386824345,1,0,1,0,0,0,0,1,0,1,0,1,0,1,0,1,1,0,0,0,1
486,ID12587,0.3469387755102041,0.2858011810539252,0.0,-0.4574011195124484,1,0,0,0,0,1,0,1,1,0,0,1,1,0,0,1,1,0,1,0,0
487,ID12588,0.02040816326530612,0.19980232600756873,0.3333333333333333,-0.8448511992235198,0,1,0,1,0,0,0,1,1,0,1,0,0,1,1,0,0,1,1,0,0
488,ID12589,0.1836734693877551,0.15486797156509177,1.0,-1.0472936526854724,1,0,0,0,0,1,0,1,1,0,0,1,1,0,1,0,1,0,1,0,0
489,ID12590,0.1836734693877551,0.26490328204558167,0.6666666666666666,-0.5515522873647656,0,1,1,0,0,0,0,1,1,0,0,1,1,0,1,0,0,1,1,0,0
490,ID12591,0.8163265306122449,0.458688492940571,0.3333333333333333,0.32150695705911003,1,0,1,0,0,0,0,1,0,1,0,1,1,0,0,1,0,1,0,0,1
491,ID12592,0.5714285714285714,0.20880674803397145,0.3333333333333333,-0.804283635504197,1,0,0,0,0,1,1,0,0,1,0,1,0,1,1,0,0,1,0,1,0
492,ID12593,0.8775510204081632,0.3913230959725473,0.0,0.018006074274571477,1,0,0,0,0,1,0,1,0,1,0,1,1,0,0,1,0,1,0,0,1
493,ID12594,0.8367346938775511,0.6183453441046847,0.0,1.0408079253872378,0,1,1,0,0,0,1,0,1,0,0,1,0,1,1,0,0,1,0,0,1
494,ID12595,0.5918367346938775,0.6664096514739772,1.0,1.257351735318796,1,0,0,1,0,0,0,1,1,0,0,1,0,1,1,0,1,0,0,1,0
495,ID12596,0.5306122448979592,0.5754999192131447,0.0,0.8477767125817458,0,1,1,0,0,0,0,1,1,0,1,0,1,0,0,1,0,1,0,1,0
496,ID12597,0.6530612244897959,0.6187411050574981,0.6666666666666666,1.0425909446219872,0,1,0,0,0,1,1,0,0,1,0,1,0,1,0,1,0,1,0,0,1
497,ID12598,0.9387755102040817,0.7153583985378182,0.0,1.477880205627143,0,1,1,0,0,0,1,0,1,0,0,1,0,1,1,0,0,1,0,0,1
498,ID12599,0.673469387755102,0.6673801261582676,0.0,1.2617240085727035,1,0,0,0,0,1,1,0,1,0,0,1,0,1,0,1,1,0,0,0,1
499,ID12600,0.5714285714285714,0.23914268541701764,0.0,-0.6676113350318748,1,0,0,0,0,1,0,1,0,1,1,0,0,1,1,0,0,1,0,1,0
500,ID12601,0.42857142857142855,0.3914865624530572,1.0,0.018742538741098456,1,0,1,0,0,0,0,1,0,1,0,1,1,0,1,0,1,0,0,1,0
501,ID12602,0.8163265306122449,0.48167704219964635,0.3333333333333333,0.4250771178254305,1,0,1,0,0,0,1,0,0,1,1,0,0,1,1,0,0,1,0,0,1
502,ID12603,0.2857142857142857,0.3666998819083731,0.0,-0.09292873115701848,1,0,0,0,0,1,0,1,0,1,1,0,1,0,1,0,1,0,1,0,0
503,ID12604,0.08163265306122448,0.17712866481094933,0.0,-0.9470026968595828,1,0,1,0,0,0,1,0,0,1,0,1,0,1,0,1,1,0,1,0,0
504,ID12605,0.9183673469387755,0.9427953353205122,0.3333333333333333,2.5025503508075246,1,0,1,0,0,0,0,1,0,1,0,1,0,1,1,0,0,1,0,0,1
505,ID12606,0.3469387755102041,0.40684380812201276,0.0,0.08793143730692238,1,0,0,0,0,1,0,1,0,1,0,1,0,1,1,0,1,0,1,0,0
506,ID12607,0.8367346938775511,0.31249267627149824,0.0,-0.3371481005149065,1,0,1,0,0,0,0,1,1,0,1,0,1,0,0,1,0,1,0,0,1
507,ID12608,0.08163265306122448,0.113242522828094,0.0,-1.2348285148934104,1,0,0,0,1,0,1,0,0,1,0,1,0,1,1,0,0,1,1,0,0
508,ID12609,0.8571428571428571,0.7811235446966398,0.6666666666666666,1.7741714888972595,0,1,0,0,1,0,1,0,1,0,0,1,0,1,0,1,0,1,0,0,1
509,ID12610,0.10204081632653061,0.10670214290790349,0.6666666666666666,-1.264294845812032,1,0,0,1,0,0,0,1,0,1,0,1,0,1,1,0,0,1,1,0,0
510,ID12611,0.22448979591836735,0.14305192607391887,0.0,-1.1005284052290594,1,0,0,0,0,1,0,1,1,0,0,1,1,0,1,0,1,0,1,0,0
511,ID12612,0.5306122448979592,0.19056044740947786,1.0,-0.8864885744836926,0,1,1,0,0,0,0,1,1,0,0,1,0,1,1,0,1,0,0,1,0
512,ID12613,0.9183673469387755,0.6698476096640695,0.0,1.2728407458884898,1,0,0,0,0,1,0,1,0,1,0,1,0,1,0,1,1,0,0,0,1
513,ID12614,0.14285714285714285,0.1633131661581712,1.0,-1.009245572667426,1,0,0,1,0,0,1,0,1,0,0,1,0,1,1,0,1,0,1,0,0
514,ID12615,0.3877551020408163,0.4968037140960932,0.0,0.49322721388057417,0,1,1,0,0,0,1,0,0,1,0,1,1,0,1,0,0,1,0,1,0
515,ID12616,0.6122448979591837,0.20043210213248047,0.3333333333333333,-0.8420138729630054,1,0,1,0,0,0,0,1,1,0,0,1,0,1,1,0,0,1,0,1,0
516,ID12617,0.3469387755102041,0.26237901544654996,0.0,-0.5629248491794507,1,0,0,0,0,1,1,0,1,0,0,1,1,0,1,0,0,1,1,0,0
517,ID12618,0.673469387755102,0.4921406176520742,0.3333333333333333,0.4722185959406993,0,1,0,0,0,1,0,1,1,0,0,1,1,0,0,1,0,1,0,0,1
518,ID12619,0.1836734693877551,0.29239662336755057,1.0,-0.42768671635247046,1,0,0,0,0,1,1,0,1,0,1,0,0,1,1,0,1,0,1,0,0
519,ID12620,0.7755102040816326,0.41239822705975937,1.0,0.11295572465375478,1,0,1,0,0,0,0,1,0,1,0,1,0,1,0,1,1,0,0,0,1
520,ID12621,0.40816326530612246,0.12302470116176488,0.6666666666666666,-1.1907569307649275,1,0,1,0,0,0,0,1,0,1,1,0,0,1,1,0,0,1,0,1,0
521,ID12622,0.3673469387755102,0.2105016373318898,0.6666666666666666,-0.7966476618249436,1,0,0,0,0,1,0,1,0,1,0,1,0,1,1,0,1,0,0,1,0
522,ID12623,0.1836734693877551,0.13196717799555338,1.0,-1.1504684483171306,0,1,0,0,1,0,1,0,1,0,0,1,0,1,0,1,1,0,1,0,0
523,ID12624,0.32653061224489793,0.1940397023946463,0.0,-0.8708135097329814,1,0,0,0,0,1,0,1,0,1,0,1,1,0,0,1,1,0,1,0,0
524,ID12625,0.5306122448979592,0.23561697153738848,0.0,-0.6834957107362304,0,1,0,0,1,0,0,1,0,1,0,1,0,1,0,1,0,1,0,1,0
525,ID12626,0.5102040816326531,0.24627842746622314,0.3333333333333333,-0.6354627230035865,1,0,1,0,0,0,0,1,1,0,1,0,0,1,1,0,0,1,0,1,0
526,ID12627,0.2857142857142857,0.16342501164483586,0.6666666666666666,-1.0087416759271708,0,1,1,0,0,0,1,0,1,0,0,1,1,0,0,1,1,0,1,0,0
527,ID12628,0.061224489795918366,0.09735358092253255,0.3333333333333333,-1.3064128610398327,1,0,0,0,0,1,1,0,1,0,0,1,0,1,0,1,1,0,1,0,0
528,ID12629,0.24489795918367346,0.3581858593235,0.6666666666666666,-0.13128690147676036,1,0,1,0,0,0,0,1,1,0,1,0,0,1,1,0,1,0,1,0,0
529,ID12630,0.7551020408163265,0.6622163060739499,0.3333333333333333,1.2384594836879936,0,1,0,1,0,0,0,1,0,1,0,1,0,1,1,0,1,0,0,0,1
530,ID12631,0.9387755102040817,0.9319463231140399,0.3333333333333333,2.4536723670027603,0,1,0,0,1,0,0,1,1,0,0,1,0,1,1,0,0,1,0,0,1
531,ID12632,0.3673469387755102,0.38937182240519763,0.3333333333333333,0.009215014221502255,1,0,1,0,0,0,1,0,0,1,1,0,1,0,1,0,0,1,0,1,0
532,ID12633,0.8367346938775511,0.43109190963091165,0.3333333333333333,0.19717625059427155,0,1,1,0,0,0,1,0,1,0,0,1,0,1,1,0,0,1,0,0,1
533,ID12634,0.8571428571428571,0.42501611865532823,0.0,0.16980302921209525,0,1,1,0,0,0,0,1,0,1,1,0,0,1,0,1,0,1,0,0,1
534,ID12635,0.1836734693877551,0.15376500299659868,0.3333333333333333,-1.0522628497701438,1,0,0,0,0,1,1,0,0,1,0,1,0,1,0,1,1,0,1,0,0
535,ID12636,0.22448979591836735,0.08703970635225582,0.0,-1.3528798927489138,0,1,1,0,0,0,0,1,1,0,1,0,0,1,1,0,1,0,1,0,0
536,ID12637,0.7142857142857143,0.5650156953631786,0.3333333333333333,0.800542207375968,1,0,1,0,0,0,1,0,1,0,0,1,0,1,1,0,0,1,0,0,1
537,ID12638,0.8775510204081632,0.8975546963145536,0.6666666666666666,2.298727995503027,1,0,0,1,0,0,1,0,1,0,0,1,0,1,1,0,0,1,0,0,1
538,ID12639,0.5102040816326531,0.5810767072482242,0.0,0.8729017792766293,1,0,1,0,0,0,0,1,1,0,0,1,0,1,1,0,1,0,0,1,0
539,ID12640,0.02040816326530612,0.08909078050770623,0.0,-1.3436392017583858,0,1,1,0,0,0,0,1,1,0,0,1,0,1,0,1,0,1,1,0,0
540,ID12641,0.6122448979591837,0.28920128384853094,0.3333333333333333,-0.44208265860868706,1,0,1,0,0,0,0,1,0,1,0,1,1,0,0,1,0,1,0,1,0
541,ID12642,0.42857142857142855,0.5570729451101928,0.6666666666666666,0.7647577865602994,0,1,0,1,0,0,0,1,1,0,0,1,0,1,1,0,0,1,0,1,0
542,ID12643,0.2857142857142857,0.1654227441066462,0.6666666666666666,-0.9997413049204569,0,1,1,0,0,0,0,1,0,1,0,1,0,1,1,0,1,0,1,0,0
543,ID12644,0.9183673469387755,0.752914392260017,0.3333333333333333,1.6470809787473302,0,1,0,0,1,0,0,1,0,1,0,1,1,0,0,1,0,1,0,0,1
544,ID12645,0.5714285714285714,0.2767227689363443,0.3333333333333333,-0.4983020303060939,0,1,0,1,0,0,0,1,0,1,0,1,0,1,1,0,0,1,0,1,0
545,ID12646,0.4489795918367347,0.5375929027327983,0.0,0.676994478922911,0,1,1,0,0,0,1,0,1,0,1,0,0,1,0,1,0,1,0,1,0
546,ID12647,0.1836734693877551,0.1766744000651113,0.0,-0.9490492928507737,1,0,1,0,0,0,1,0,0,1,1,0,1,0,0,1,0,1,1,0,0
547,ID12648,0.08163265306122448,0.07403775456247852,0.6666666666666666,-1.4114575011907151,0,1,0,0,1,0,0,1,0,1,0,1,0,1,1,0,1,0,1,0,0
548,ID12649,0.4897959183673469,0.27052824967491684,0.3333333333333333,-0.5262101574586951,0,1,0,1,0,0,0,1,0,1,0,1,0,1,1,0,0,1,0,1,0
549,ID12650,0.8163265306122449,0.8198840282752273,0.3333333333333333,1.9487988422971192,1,0,0,0,0,1,0,1,0,1,0,1,0,1,0,1,0,1,0,0,1
550,ID12651,0.10204081632653061,0.051723891692960385,0.3333333333333333,-1.5119880017746647,1,0,1,0,0,0,0,1,0,1,1,0,0,1,1,0,1,0,1,0,0
551,ID12652,0.8163265306122449,0.468567030462753,1.0,0.3660126676099668,0,1,0,0,1,0,0,1,1,0,1,0,1,0,1,0,1,0,0,0,1
552,ID12653,0.5510204081632653,0.6210520048819694,0.6666666666666666,1.0530022265014156,0,1,1,0,0,0,0,1,0,1,0,1,0,1,1,0,1,0,0,1,0
553,ID12654,0.6326530612244898,0.5909586861699959,0.0,0.9174229943425708,1,0,0,0,1,0,0,1,0,1,1,0,1,0,0,1,1,0,0,1,0
554,ID12655,1.0,0.5348225760631043,1.0,0.6645133442796644,1,0,1,0,0,0,0,1,0,1,0,1,0,1,1,0,1,0,0,0,1
555,ID12656,0.04081632653061224,0.04662614648076456,0.6666666666666666,-1.5349548399697468,1,0,0,0,0,1,0,1,0,1,0,1,0,1,1,0,1,0,1,0,0
556,ID12657,0.5102040816326531,0.23318218132768853,0.3333333333333333,-0.6944651551587112,1,0,0,1,0,0,0,1,0,1,0,1,0,1,0,1,0,1,0,1,0
557,ID12658,0.46938775510204084,0.34618225755468945,0.0,-0.18536665009246756,0,1,0,1,0,0,0,1,1,0,1,0,0,1,1,0,1,0,0,1,0
558,ID12659,0.40816326530612246,0.45213778882161143,0.0,0.29199411259523417,1,0,0,0,1,0,0,1,1,0,0,1,0,1,1,0,1,0,0,1,0
559,ID12660,1.0,0.34145893661785104,0.0,-0.20664659704632599,1,0,0,0,1,0,0,1,1,0,1,0,0,1,0,1,0,1,0,0,1
560,ID12661,0.4489795918367347,0.19589461677348485,0.3333333333333333,-0.8624565761022859,0,1,1,0,0,0,1,0,1,0,0,1,0,1,1,0,0,1,0,1,0
561,ID12662,0.14285714285714285,0.3144353463398737,0.0,-0.3283958017495489,1,0,0,0,1,0,1,0,1,0,1,0,0,1,0,1,0,1,1,0,0
562,ID12663,0.7959183673469388,0.7895153975960791,0.0,1.8119792489314914,1,0,0,1,0,0,0,1,1,0,0,1,0,1,1,0,1,0,0,0,1
563,ID12664,0.2857142857142857,0.2999573782660818,0.3333333333333333,-0.3936232967112121,1,0,1,0,0,0,1,0,1,0,1,0,0,1,0,1,0,1,1,0,0
564,ID12665,0.5306122448979592,0.31106621614157504,0.0,-0.3435747220175473,0,1,0,0,1,0,0,1,0,1,1,0,0,1,0,1,0,1,0,1,0
565,ID12666,0.24489795918367346,0.34161724099897633,0.0,-0.20593338935242642,0,1,0,0,0,1,0,1,0,1,0,1,1,0,1,0,1,0,1,0,0
566,ID12667,0.5102040816326531,0.29631293610060866,0.0,-0.41004257818599243,0,1,0,0,0,1,0,1,1,0,1,0,0,1,0,1,1,0,0,1,0
567,ID12668,0.02040816326530612,0.21262498087872353,0.6666666666666666,-0.7870813760176354,1,0,1,0,0,0,0,1,0,1,0,1,0,1,1,0,1,0,1,0,0
568,ID12669,0.3877551020408163,0.4226002561433715,0.0,0.15891885962258065,1,0,0,0,0,1,0,1,0,1,0,1,0,1,1,0,1,0,0,1,0
569,ID12670,0.6326530612244898,0.22248631140295713,0.3333333333333333,-0.7426531880422026,0,1,1,0,0,0,1,0,0,1,0,1,0,1,0,1,0,1,0,1,0
570,ID12671,0.6326530612244898,0.4930026882492895,1.0,0.4761024769694362,1,0,0,1,0,0,1,0,0,1,1,0,0,1,1,0,1,0,0,1,0
571,ID12672,0.4489795918367347,0.5360322280188774,0.0,0.6699631813319636,0,1,1,0,0,0,0,1,1,0,1,0,1,0,1,0,1,0,0,1,0
572,ID12673,0.30612244897959184,0.39057631226158634,0.6666666666666666,0.014641594501174719,1,0,0,0,1,0,1,0,1,0,0,1,0,1,1,0,0,1,1,0,0
573,ID12674,0.42857142857142855,0.29916929776004464,0.6666666666666666,-0.3971738306656263,0,1,0,0,0,1,0,1,0,1,0,1,0,1,1,0,1,0,0,1,0
574,ID12675,0.5102040816326531,0.40360200970853244,0.0,0.07332618409706122,1,0,1,0,0,0,0,1,0,1,0,1,0,1,1,0,1,0,0,1,0
575,ID12676,0.3877551020408163,0.4383274522682179,0.0,0.22977449356001828,0,1,0,0,0,1,0,1,1,0,0,1,0,1,0,1,1,0,0,1,0
576,ID12677,0.12244897959183673,0.24341174160801804,0.3333333333333333,-0.6483779840692072,1,0,0,0,0,1,0,1,0,1,0,1,0,1,1,0,0,1,1,0,0
577,ID12678,0.8979591836734694,0.6939288032928688,0.0,1.3813335901942272,0,1,0,0,0,1,0,1,0,1,0,1,1,0,1,0,0,1,0,0,1
578,ID12679,0.0,0.022024957373964333,0.0,-1.6457904165047943,0,1,1,0,0,0,1,0,1,0,0,1,0,1,0,1,1,0,1,0,0
579,ID12680,0.5918367346938775,0.34609278116535774,0.0,-0.18576976748467183,1,0,0,0,0,1,0,1,0,1,1,0,1,0,1,0,1,0,0,1,0
580,ID12681,0.9183673469387755,0.8064075074820329,0.6666666666666666,1.888083161225127,0,1,0,0,1,0,0,1,0,1,0,1,1,0,0,1,0,1,0,0,1
581,ID12682,0.04081632653061224,0.13130126717494991,0.6666666666666666,-1.1534685719860354,0,1,0,0,0,1,0,1,0,1,1,0,0,1,0,1,1,0,1,0,0
582,ID12683,0.5714285714285714,0.2920060245141217,1.0,-0.42944647881459264,1,0,0,0,0,1,1,0,1,0,0,1,1,0,1,0,1,0,0,1,0
583,ID12684,0.5918367346938775,0.41432541082998126,0.6666666666666666,0.12163825310123072,1,0,0,1,0,0,1,0,0,1,0,1,0,1,1,0,1,0,0,1,0
584,ID12685,0.30612244897959184,0.3185736293464662,0.3333333333333333,-0.30975162236010284,0,1,0,0,0,1,0,1,1,0,0,1,0,1,0,1,0,1,1,0,0
585,ID12686,0.04081632653061224,0.07747794966230406,1.0,-1.3959584126862163,0,1,0,0,0,1,1,0,0,1,0,1,0,1,1,0,1,0,1,0,0
586,ID12687,0.04081632653061224,0.22972529543985307,0.3333333333333333,-0.710039440561371,0,1,1,0,0,0,0,1,1,0,1,0,0,1,1,0,0,1,1,0,0
587,ID12688,0.5102040816326531,0.4518487112560782,0.3333333333333333,0.2906917333281128,1,0,0,0,0,1,1,0,0,1,0,1,1,0,1,0,0,1,0,1,0
588,ID12689,0.8163265306122449,0.7684540321072257,0.0,1.7170916166126473,0,1,0,1,0,0,0,1,1,0,0,1,0,1,1,0,1,0,0,0,1
589,ID12690,0.22448979591836735,0.1309313167190591,0.3333333333333333,-1.1551353073576491,0,1,0,0,1,0,0,1,0,1,0,1,0,1,1,0,1,0,1,0,0
590,ID12691,0.14285714285714285,0.32356710015109463,0.0,-0.2872545709720895,0,1,1,0,0,0,0,1,1,0,1,0,1,0,1,0,1,0,1,0,0
591,ID12692,0.4489795918367347,0.45529183154555497,0.6666666666666666,0.30620400067043385,1,0,1,0,0,0,1,0,1,0,0,1,0,1,0,1,0,1,0,1,0
592,ID12693,0.6122448979591837,0.2624719332354714,0.0,-0.5625062272721616,0,1,0,0,0,1,0,1,1,0,0,1,0,1,1,0,1,0,0,1,0
593,ID12694,0.9591836734693877,0.7984527123304831,0.6666666666666666,1.8522444746066613,0,1,0,0,1,0,0,1,1,0,0,1,0,1,1,0,0,1,0,0,1
594,ID12695,0.8367346938775511,0.44665219787565846,1.0,0.26727991555009734,1,0,0,1,0,0,0,1,0,1,0,1,0,1,0,1,1,0,0,0,1
595,ID12696,0.8775510204081632,0.722879577341068,0.6666666666666666,1.5117653233449262,1,0,1,0,0,0,1,0,0,1,0,1,0,1,0,1,1,0,0,0,1
596,ID12697,0.24489795918367346,0.08015088472361001,0.0,-1.3839160558198689,1,0,1,0,0,0,0,1,0,1,0,1,0,1,1,0,1,0,1,0,0
597,ID12698,0.2653061224489796,0.18862466014028179,0.0,-0.8952098642188804,1,0,0,0,0,1,0,1,0,1,0,1,1,0,1,0,0,1,1,0,0
598,ID12699,0.22448979591836735,0.1668664112345178,0.0,-0.9932371608423923,0,1,1,0,0,0,0,1,1,0,0,1,1,0,0,1,1,0,1,0,0
599,ID12700,0.40816326530612246,0.3726586652979073,0.0,-0.06608266328772461,0,1,0,0,0,1,1,0,0,1,1,0,0,1,0,1,0,1,0,1,0
